id,session_id,payload,created_at,age_group,year_of_study,program,gender,residence,completion_time_seconds,feedback_rating,feedback_relatable,feedback_relevant,feedback_comment,trait_id
10ec529b-7f7c-42ee-8427-3085d2e3f6d2,,"{""answers"": [{""type"": ""single_select"", ""answer"": ""sometimes"", ""answered_at"": 1773226731003, ""question_code"": ""Q1""}, {""type"": ""long_text"", ""answer"": ""Whenever I wanted to know which way to go"", ""answered_at"": 1773226789258, ""question_code"": ""Q2""}, {""type"": ""single_select"", ""answer"": ""event"", ""answered_at"": 1773226809896, ""question_code"": ""Q2A""}, {""type"": ""multi_select"", ""answer"": [""i_approached""], ""answered_at"": 1773226820160, ""question_code"": ""Q2B""}, {""type"": ""single_select"", ""answer"": ""me"", ""answered_at"": 1773226824350, ""question_code"": ""Q2C""}, {""type"": ""scale"", ""answer"": 3, ""answered_at"": 1773226833524, ""question_code"": ""Q2D""}, {""type"": ""single_select"", ""answer"": ""sometimes"", ""answered_at"": 1773226844915, ""question_code"": ""Q4""}, {""type"": ""multi_select"", ""answer"": [""one_on_one"", ""someone_else_starts"", ""common_interest""], ""answered_at"": 1773226901232, ""question_code"": ""Q4A""}, {""type"": ""multi_select"", ""answer"": [""shared_purpose"", ""natural_start"", ""small_group"", ""common_ground""], ""answered_at"": 1773226924041, ""question_code"": ""Q4B""}, {""type"": ""single_select"", ""answer"": ""yes"", ""answered_at"": 1773226937500, ""question_code"": ""Q5""}, {""type"": ""multi_select"", ""answer"": [""dont_know_how_to_start"", ""worry_about_judgment"", ""may_not_be_interested"", ""people_in_groups""], ""answered_at"": 1773226975223, ""question_code"": ""Q5A""}, {""type"": ""multi_select"", ""answer"": [""wait_for_someone"", ""observe"", ""talk_only_if_needed"", ""leave"", ""stick_to_known_people""], ""answered_at"": 1773226987633, ""question_code"": ""Q5B""}, {""type"": ""multi_select"", ""answer"": [""approachable""], ""answered_at"": 1773235523568, ""question_code"": ""Q6""}, {""type"": ""single_select"", ""answer"": ""wait_for_someone"", ""answered_at"": 1773235691036, ""question_code"": ""Q7""}, {""type"": ""multi_select"", ""answer"": [""interest"", ""passive"", ""no_ice""], ""answered_at"": 1773235738454, ""question_code"": ""Q7C""}, {""type"": ""single_select"", ""answer"": ""neither_easy"", ""answered_at"": 1773235756575, ""question_code"": ""Q8""}, {""type"": ""multi_select"", ""answer"": [""interest_match"", ""anxiety_help""], ""answered_at"": 1773236978148, ""question_code"": ""Q8D""}, {""type"": ""single_select"", ""answer"": ""neither_easy"", ""answered_at"": 1773236995803, ""question_code"": ""Q9""}, {""type"": ""multi_select"", ""answer"": [""initiation"", ""matching""], ""answered_at"": 1773237036212, ""question_code"": ""Q9D""}], ""respondent_id"": ""anon_a9mssahes"", ""computed_profile"": {""scores"": {""digital_comfort"": 0, ""social_openness"": 55, ""initiation_confidence"": 61, ""low_pressure_preference"": 78, ""shared_context_reliance"": 33}, ""signals"": [{""id"": ""safety_first"", ""desc"": ""You prioritize low-judgment, low-pressure environments for interaction."", ""label"": ""Safety Seeker""}, {""id"": ""patience_observer"", ""desc"": ""You prefer to read the room and let the social momentum build before engaging."", ""label"": ""Patient Observer""}], ""raw_points"": {""digital_comfort"": {""earned"": 0, ""possible_seen"": 9}, ""social_openness"": {""earned"": 6, ""possible_seen"": 11}, ""initiation_confidence"": {""earned"": 14, ""possible_seen"": 23}, ""low_pressure_preference"": {""earned"": 28, ""possible_seen"": 36}, ""shared_context_reliance"": {""earned"": 9, ""possible_seen"": 27}}, ""style_label"": ""Direct Initiator"", ""primary_style"": ""direct_initiator"", ""style_description"": ""You seem comfortable taking the first step in social situations. You may find it easier than most people to begin conversations and build momentum quickly.""}, ""survey_session_id"": ""sess_7y5yny3av""}",2026-03-11 13:51:06.407412+00,23-24,4th_plus,M.Tech/M.E.,Male,Hostel,10396,4,true,true,,
17b492ef-c1a5-4885-9383-da40d995a0eb,,"{""answers"": [{""type"": ""single_select"", ""answer"": ""sometimes"", ""answered_at"": 1773220171474, ""question_code"": ""Q1""}, {""type"": ""single_select"", ""answer"": ""club"", ""answered_at"": 1773220317940, ""question_code"": ""Q2A""}, {""type"": ""long_text"", ""answer"": ""It was a club event during a fest and I was helping in organising the event."", ""answered_at"": 1773220313672, ""question_code"": ""Q2""}, {""type"": ""multi_select"", ""answer"": [""shared_task""], ""answered_at"": 1773220321224, ""question_code"": ""Q2B""}, {""type"": ""single_select"", ""answer"": ""me"", ""answered_at"": 1773220334527, ""question_code"": ""Q2C""}, {""type"": ""scale"", ""answer"": 4, ""answered_at"": 1773220339663, ""question_code"": ""Q2D""}, {""type"": ""multi_select"", ""answer"": [""natural"", ""relaxed""], ""answered_at"": 1773220347472, ""question_code"": ""Q2F""}, {""type"": ""single_select"", ""answer"": ""sometimes"", ""answered_at"": 1773220361655, ""question_code"": ""Q4""}, {""type"": ""multi_select"", ""answer"": [""shared_activities"", ""informal_casual"", ""common_interest"", ""someone_else_starts""], ""answered_at"": 1773220371851, ""question_code"": ""Q4A""}, {""type"": ""multi_select"", ""answer"": [""common_ground"", ""natural_start"", ""small_group""], ""answered_at"": 1773220381765, ""question_code"": ""Q4B""}, {""type"": ""single_select"", ""answer"": ""yes"", ""answered_at"": 1773220387563, ""question_code"": ""Q5""}, {""type"": ""multi_select"", ""answer"": [""people_in_groups"", ""no_reason_to_talk"", ""may_not_be_interested""], ""answered_at"": 1773220397106, ""question_code"": ""Q5A""}, {""type"": ""multi_select"", ""answer"": [""observe"", ""talk_only_if_needed"", ""stick_to_known_people"", ""use_phone_avoid""], ""answered_at"": 1773220406755, ""question_code"": ""Q5B""}, {""type"": ""multi_select"", ""answer"": [""academic_reason"", ""shared_interest"", ""mutual_friend"", ""approachable"", ""need_for_company"", ""curiosity""], ""answered_at"": 1773220419624, ""question_code"": ""Q6""}, {""type"": ""single_select"", ""answer"": ""observe_first"", ""answered_at"": 1773220431297, ""question_code"": ""Q7""}, {""type"": ""multi_select"", ""answer"": [""open"", ""natural""], ""answered_at"": 1773220444489, ""question_code"": ""Q7D""}, {""type"": ""single_select"", ""answer"": ""one_on_one"", ""answered_at"": 1773220463103, ""question_code"": ""Q8""}, {""type"": ""multi_select"", ""answer"": [""noise"", ""pressure"", ""depth""], ""answered_at"": 1773220474624, ""question_code"": ""Q8A""}, {""type"": ""single_select"", ""answer"": ""in_person"", ""answered_at"": 1773220478786, ""question_code"": ""Q9""}, {""type"": ""multi_select"", ""answer"": [""read_person"", ""genuine""], ""answered_at"": 1773220483981, ""question_code"": ""Q9B""}, {""type"": ""long_text"", ""answer"": ""If somehow there was a way to find people who share common interests and convince them to hang out / go out"", ""answered_at"": 1773220701207, ""question_code"": ""Q10""}], ""respondent_id"": ""anon_jttyk15pf"", ""computed_profile"": {""scores"": {""digital_comfort"": 0, ""social_openness"": 70, ""initiation_confidence"": 52, ""low_pressure_preference"": 69, ""shared_context_reliance"": 64}, ""signals"": [{""id"": ""context_anchor"", ""desc"": ""Situational triggers (like classes or tasks) are your primary social bridge."", ""label"": ""Context Anchor""}, {""id"": ""safety_first"", ""desc"": ""You prioritize low-judgment, low-pressure environments for interaction."", ""label"": ""Safety Seeker""}, {""id"": ""depth_seeker"", ""desc"": ""You excel in 1-on-1 settings where you can build deeper individual connections."", ""label"": ""Depth Seeker""}, {""id"": ""patience_observer"", ""desc"": ""You prefer to read the room and let the social momentum build before engaging."", ""label"": ""Patient Observer""}], ""raw_points"": {""digital_comfort"": {""earned"": 0, ""possible_seen"": 7}, ""social_openness"": {""earned"": 7, ""possible_seen"": 10}, ""initiation_confidence"": {""earned"": 12, ""possible_seen"": 23}, ""low_pressure_preference"": {""earned"": 24, ""possible_seen"": 35}, ""shared_context_reliance"": {""earned"": 18, ""possible_seen"": 28}}, ""style_label"": ""Warm-Up Socializer"", ""primary_style"": ""warm_up_socializer"", ""style_description"": ""You tend to ease into new interactions rather than jumping in immediately. You may feel most comfortable when there’s time to observe, a shared context, or a lower-pressure environment.""}, ""survey_session_id"": ""sess_zuoh2gvvy""}",2026-03-11 09:18:24.691818+00,18-20,1st,B.Tech/B.E.,Male,Hostel,570,3,true,true,,
2cb8c1c7-85d2-4e73-ab3e-35e4cc2ca8f3,,"{""answers"": [{""type"": ""single_select"", ""answer"": ""yes"", ""answered_at"": 1773220831909, ""question_code"": ""Q1""}, {""type"": ""long_text"", ""answer"": ""As I'm a ug1 so in second sem not that many new faces but yup talked to a phd senior in lab"", ""answered_at"": 1773220915432, ""question_code"": ""Q2""}, {""type"": ""single_select"", ""answer"": ""mutual_friend"", ""answered_at"": 1773220928000, ""question_code"": ""Q2A""}, {""type"": ""multi_select"", ""answer"": [""academic_need"", ""shared_interest""], ""answered_at"": 1773220932580, ""question_code"": ""Q2B""}, {""type"": ""single_select"", ""answer"": ""me"", ""answered_at"": 1773220935650, ""question_code"": ""Q2C""}, {""type"": ""scale"", ""answer"": 3, ""answered_at"": 1773220940867, ""question_code"": ""Q2D""}, {""type"": ""single_select"", ""answer"": ""yes"", ""answered_at"": 1773220944761, ""question_code"": ""Q4""}, {""type"": ""multi_select"", ""answer"": [""shared_activities"", ""one_on_one"", ""informal_casual"", ""someone_else_starts"", ""common_interest""], ""answered_at"": 1773220955983, ""question_code"": ""Q4A""}, {""type"": ""multi_select"", ""answer"": [""natural_start"", ""less_pressure"", ""small_group""], ""answered_at"": 1773220963284, ""question_code"": ""Q4B""}, {""type"": ""single_select"", ""answer"": ""yes"", ""answered_at"": 1773220967812, ""question_code"": ""Q5""}, {""type"": ""multi_select"", ""answer"": [""too_formal"", ""people_in_groups"", ""worry_about_judgment""], ""answered_at"": 1773220978958, ""question_code"": ""Q5A""}, {""type"": ""multi_select"", ""answer"": [""wait_for_someone"", ""talk_only_if_needed"", ""stick_to_known_people""], ""answered_at"": 1773220989409, ""question_code"": ""Q5B""}, {""type"": ""multi_select"", ""answer"": [""shared_interest"", ""approachable"", ""mutual_friend"", ""need_for_company""], ""answered_at"": 1773220999645, ""question_code"": ""Q6""}, {""type"": ""single_select"", ""answer"": ""observe_first"", ""answered_at"": 1773221004504, ""question_code"": ""Q7""}, {""type"": ""multi_select"", ""answer"": [""approachable"", ""common_interest"", ""natural""], ""answered_at"": 1773221012354, ""question_code"": ""Q7D""}, {""type"": ""single_select"", ""answer"": ""one_on_one"", ""answered_at"": 1773221026360, ""question_code"": ""Q8""}, {""type"": ""multi_select"", ""answer"": [""depth"", ""noise""], ""answered_at"": 1773221036643, ""question_code"": ""Q8A""}, {""type"": ""single_select"", ""answer"": ""in_person"", ""answered_at"": 1773221039149, ""question_code"": ""Q9""}, {""type"": ""multi_select"", ""answer"": [""read_person""], ""answered_at"": 1773221047200, ""question_code"": ""Q9B""}, {""type"": ""long_text"", ""answer"": ""you know I think that a bit of more sitting spaces near the canteen can help in interactions"", ""answered_at"": 1773221117703, ""question_code"": ""Q10""}], ""respondent_id"": ""anon_2owmamw6p"", ""computed_profile"": {""scores"": {""digital_comfort"": 0, ""social_openness"": 80, ""initiation_confidence"": 52, ""low_pressure_preference"": 89, ""shared_context_reliance"": 64}, ""signals"": [{""id"": ""context_anchor"", ""desc"": ""Situational triggers (like classes or tasks) are your primary social bridge."", ""label"": ""Context Anchor""}, {""id"": ""safety_first"", ""desc"": ""You prioritize low-judgment, low-pressure environments for interaction."", ""label"": ""Safety Seeker""}, {""id"": ""depth_seeker"", ""desc"": ""You excel in 1-on-1 settings where you can build deeper individual connections."", ""label"": ""Depth Seeker""}, {""id"": ""patience_observer"", ""desc"": ""You prefer to read the room and let the social momentum build before engaging."", ""label"": ""Patient Observer""}], ""raw_points"": {""digital_comfort"": {""earned"": 0, ""possible_seen"": 7}, ""social_openness"": {""earned"": 8, ""possible_seen"": 10}, ""initiation_confidence"": {""earned"": 12, ""possible_seen"": 23}, ""low_pressure_preference"": {""earned"": 31, ""possible_seen"": 35}, ""shared_context_reliance"": {""earned"": 18, ""possible_seen"": 28}}, ""style_label"": ""Warm-Up Socializer"", ""primary_style"": ""warm_up_socializer"", ""style_description"": ""You tend to ease into new interactions rather than jumping in immediately. You may feel most comfortable when there’s time to observe, a shared context, or a lower-pressure environment.""}, ""survey_session_id"": ""sess_nkxrd1dl7""}",2026-03-11 09:25:20.988675+00,18-20,1st,B.Tech/B.E.,Male,Hostel,330,5,true,true,,
330301ff-3895-40d0-8602-5636f578551c,,"{""answers"": [{""type"": ""single_select"", ""answer"": ""prefer_known_people"", ""answered_at"": 1773220000046, ""question_code"": ""Q1""}, {""type"": ""long_text"", ""answer"": ""It was random assignment for a group presentation. So i didn't really have a choice."", ""answered_at"": 1773220049055, ""question_code"": ""Q2""}, {""type"": ""single_select"", ""answer"": ""group_assignment"", ""answered_at"": 1773220053444, ""question_code"": ""Q2A""}, {""type"": ""multi_select"", ""answer"": [""academic_need"", ""shared_interest""], ""answered_at"": 1773220061783, ""question_code"": ""Q2B""}, {""type"": ""single_select"", ""answer"": ""both_naturally"", ""answered_at"": 1773220068204, ""question_code"": ""Q2C""}, {""type"": ""scale"", ""answer"": 4, ""answered_at"": 1773220071001, ""question_code"": ""Q2D""}, {""type"": ""multi_select"", ""answer"": [""natural"", ""relaxed""], ""answered_at"": 1773220077127, ""question_code"": ""Q2F""}, {""type"": ""single_select"", ""answer"": ""sometimes"", ""answered_at"": 1773220087936, ""question_code"": ""Q4""}, {""type"": ""multi_select"", ""answer"": [""shared_activities"", ""informal_casual"", ""common_interest"", ""small_groups""], ""answered_at"": 1773220097248, ""question_code"": ""Q4A""}, {""type"": ""multi_select"", ""answer"": [""less_pressure"", ""common_ground"", ""small_group"", ""shared_purpose""], ""answered_at"": 1773220104156, ""question_code"": ""Q4B""}, {""type"": ""single_select"", ""answer"": ""yes"", ""answered_at"": 1773220109969, ""question_code"": ""Q5""}, {""type"": ""multi_select"", ""answer"": [""people_in_groups"", ""worry_about_judgment"", ""no_reason_to_talk"", ""too_public"", ""may_not_be_interested""], ""answered_at"": 1773220131092, ""question_code"": ""Q5A""}, {""type"": ""multi_select"", ""answer"": [""observe"", ""wait_for_someone"", ""stick_to_known_people"", ""talk_only_if_needed""], ""answered_at"": 1773220139944, ""question_code"": ""Q5B""}, {""type"": ""multi_select"", ""answer"": [""shared_interest"", ""academic_reason"", ""curiosity""], ""answered_at"": 1773220151127, ""question_code"": ""Q6""}, {""type"": ""single_select"", ""answer"": ""observe_first"", ""answered_at"": 1773220161020, ""question_code"": ""Q7""}, {""type"": ""multi_select"", ""answer"": [""approachable"", ""common_interest"", ""reason""], ""answered_at"": 1773220166076, ""question_code"": ""Q7D""}, {""type"": ""single_select"", ""answer"": ""group_activity"", ""answered_at"": 1773220174624, ""question_code"": ""Q8""}, {""type"": ""multi_select"", ""answer"": [""task_natural"", ""organic""], ""answered_at"": 1773220199516, ""question_code"": ""Q8B""}, {""type"": ""single_select"", ""answer"": ""both_similar"", ""answered_at"": 1773220203370, ""question_code"": ""Q9""}, {""type"": ""multi_select"", ""answer"": [""ice_breaking""], ""answered_at"": 1773220239985, ""question_code"": ""Q9C""}, {""type"": ""long_text"", ""answer"": ""Have more random group events. I feel like that would work. Also shared hatred towards someone is a good way to get people to talk to random others."", ""answered_at"": 1773220297234, ""question_code"": ""Q10""}], ""respondent_id"": ""anon_24k87gzto"", ""computed_profile"": {""scores"": {""digital_comfort"": 29, ""social_openness"": 60, ""initiation_confidence"": 42, ""low_pressure_preference"": 74, ""shared_context_reliance"": 100}, ""signals"": [{""id"": ""context_anchor"", ""desc"": ""Situational triggers (like classes or tasks) are your primary social bridge."", ""label"": ""Context Anchor""}, {""id"": ""safety_first"", ""desc"": ""You prioritize low-judgment, low-pressure environments for interaction."", ""label"": ""Safety Seeker""}, {""id"": ""patience_observer"", ""desc"": ""You prefer to read the room and let the social momentum build before engaging."", ""label"": ""Patient Observer""}], ""raw_points"": {""digital_comfort"": {""earned"": 2, ""possible_seen"": 7}, ""social_openness"": {""earned"": 6, ""possible_seen"": 10}, ""initiation_confidence"": {""earned"": 10, ""possible_seen"": 24}, ""low_pressure_preference"": {""earned"": 25, ""possible_seen"": 34}, ""shared_context_reliance"": {""earned"": 30, ""possible_seen"": 30}}, ""style_label"": ""Warm-Up Socializer"", ""primary_style"": ""warm_up_socializer"", ""style_description"": ""You tend to ease into new interactions rather than jumping in immediately. You may feel most comfortable when there’s time to observe, a shared context, or a lower-pressure environment.""}, ""survey_session_id"": ""sess_uwsu4kpsb""}",2026-03-11 09:11:45.665263+00,21-22,4th_plus,B.Tech/B.E.,Male,Hostel,437,,,,,
33f550fd-4bfe-48dc-a60d-a3d73c086bee,,"{""answers"": [{""type"": ""single_select"", ""answer"": ""prefer_known_people"", ""answered_at"": 1773219945982, ""question_code"": ""Q1""}, {""type"": ""long_text"", ""answer"": ""The last time I talked to someone new was probably when we needed an extra member for an IoT project team. Interacted thanks to (obviously) the WhatsApp IoT unofficial group"", ""answered_at"": 1773220009313, ""question_code"": ""Q2""}, {""type"": ""single_select"", ""answer"": ""online_community"", ""answered_at"": 1773220017870, ""question_code"": ""Q2A""}, {""type"": ""multi_select"", ""answer"": [""shared_task"", ""academic_need"", ""they_approached""], ""answered_at"": 1773220028401, ""question_code"": ""Q2B""}, {""type"": ""single_select"", ""answer"": ""me"", ""answered_at"": 1773220036446, ""question_code"": ""Q2C""}, {""type"": ""scale"", ""answer"": 2, ""answered_at"": 1773220039371, ""question_code"": ""Q2D""}, {""type"": ""multi_select"", ""answer"": [""awkward""], ""answered_at"": 1773220046607, ""question_code"": ""Q2E""}, {""type"": ""single_select"", ""answer"": ""sometimes"", ""answered_at"": 1773220053016, ""question_code"": ""Q4""}, {""type"": ""multi_select"", ""answer"": [""someone_else_starts"", ""informal_casual"", ""common_interest"", ""small_groups""], ""answered_at"": 1773220065383, ""question_code"": ""Q4A""}, {""type"": ""multi_select"", ""answer"": [""natural_start"", ""common_ground"", ""small_group""], ""answered_at"": 1773220071950, ""question_code"": ""Q4B""}, {""type"": ""single_select"", ""answer"": ""yes"", ""answered_at"": 1773220085457, ""question_code"": ""Q5""}, {""type"": ""multi_select"", ""answer"": [""people_in_groups"", ""worry_about_judgment"", ""may_not_be_interested"", ""no_reason_to_talk""], ""answered_at"": 1773220099506, ""question_code"": ""Q5A""}, {""type"": ""multi_select"", ""answer"": [""stick_to_known_people"", ""talk_only_if_needed"", ""use_phone_avoid""], ""answered_at"": 1773220114506, ""question_code"": ""Q5B""}, {""type"": ""multi_select"", ""answer"": [""academic_reason"", ""shared_interest"", ""mutual_friend"", ""group_activity""], ""answered_at"": 1773220125598, ""question_code"": ""Q6""}, {""type"": ""single_select"", ""answer"": ""clear_reason"", ""answered_at"": 1773220135274, ""question_code"": ""Q7""}, {""type"": ""multi_select"", ""answer"": [""task_help"", ""mutual_friend""], ""answered_at"": 1773220140684, ""question_code"": ""Q7B""}, {""type"": ""single_select"", ""answer"": ""group_activity"", ""answered_at"": 1773220144743, ""question_code"": ""Q8""}, {""type"": ""multi_select"", ""answer"": [""task_natural"", ""organic""], ""answered_at"": 1773220159666, ""question_code"": ""Q8B""}, {""type"": ""single_select"", ""answer"": ""neither_easy"", ""answered_at"": 1773220167849, ""question_code"": ""Q9""}, {""type"": ""multi_select"", ""answer"": [""initiation"", ""matching""], ""answered_at"": 1773220173395, ""question_code"": ""Q9D""}, {""type"": ""long_text"", ""answer"": ""I think after groups form they calcify and are hard to join and interact with. \nI personally think it would be easier with more \""discussion groups\"" or \""forums\"" type scenario where shared interests are guaranteed"", ""answered_at"": 1773220285730, ""question_code"": ""Q10""}], ""respondent_id"": ""anon_bp1gz8r8w"", ""computed_profile"": {""scores"": {""digital_comfort"": 0, ""social_openness"": 64, ""initiation_confidence"": 42, ""low_pressure_preference"": 64, ""shared_context_reliance"": 80}, ""signals"": [{""id"": ""initiation_gap"", ""desc"": ""You have a high drive to meet people but find the first step challenging."", ""label"": ""Initiation Gap""}, {""id"": ""context_anchor"", ""desc"": ""Situational triggers (like classes or tasks) are your primary social bridge."", ""label"": ""Context Anchor""}, {""id"": ""safety_first"", ""desc"": ""You prioritize low-judgment, low-pressure environments for interaction."", ""label"": ""Safety Seeker""}], ""raw_points"": {""digital_comfort"": {""earned"": 0, ""possible_seen"": 7}, ""social_openness"": {""earned"": 7, ""possible_seen"": 11}, ""initiation_confidence"": {""earned"": 10, ""possible_seen"": 24}, ""low_pressure_preference"": {""earned"": 21, ""possible_seen"": 33}, ""shared_context_reliance"": {""earned"": 24, ""possible_seen"": 30}}, ""style_label"": ""Context-Based Connector"", ""primary_style"": ""context_based_connector"", ""style_description"": ""You seem to connect best when there’s a shared reason to interact, such as classes, activities, or common interests. Structured settings may make social interaction easier.""}, ""survey_session_id"": ""sess_scherprza""}",2026-03-11 09:11:32.355138+00,18-20,1st,B.Tech/B.E.,Male,Hostel,425,3,true,true,,
36119fc0-55a9-4bce-b20e-b92e6f499960,,"{""answers"": [{""type"": ""single_select"", ""answer"": ""sometimes"", ""answered_at"": 1773221697759, ""question_code"": ""Q1""}, {""type"": ""long_text"", ""answer"": ""It was pretty long back. Met a person who was new to campus. We interacted in a meet."", ""answered_at"": 1773221753019, ""question_code"": ""Q2""}, {""type"": ""single_select"", ""answer"": ""other"", ""answered_at"": 1773221768427, ""question_code"": ""Q2A""}, {""type"": ""multi_select"", ""answer"": [""other""], ""answered_at"": 1773221782712, ""question_code"": ""Q2B""}, {""type"": ""single_select"", ""answer"": ""both_naturally"", ""answered_at"": 1773221786024, ""question_code"": ""Q2C""}, {""type"": ""scale"", ""answer"": 4, ""answered_at"": 1773221789611, ""question_code"": ""Q2D""}, {""type"": ""multi_select"", ""answer"": [""topic"", ""relaxed"", ""friendly"", ""natural""], ""answered_at"": 1773221803446, ""question_code"": ""Q2F""}, {""type"": ""single_select"", ""answer"": ""sometimes"", ""answered_at"": 1773221811013, ""question_code"": ""Q4""}, {""type"": ""multi_select"", ""answer"": [""someone_else_starts"", ""shared_activities""], ""answered_at"": 1773221821501, ""question_code"": ""Q4A""}, {""type"": ""multi_select"", ""answer"": [""natural_start""], ""answered_at"": 1773221830284, ""question_code"": ""Q4B""}, {""type"": ""single_select"", ""answer"": ""yes"", ""answered_at"": 1773221839661, ""question_code"": ""Q5""}, {""type"": ""multi_select"", ""answer"": [""dont_know_how_to_start"", ""may_not_be_interested"", ""people_in_groups""], ""answered_at"": 1773221852894, ""question_code"": ""Q5A""}, {""type"": ""multi_select"", ""answer"": [""stick_to_known_people"", ""use_phone_avoid"", ""talk_only_if_needed""], ""answered_at"": 1773221880810, ""question_code"": ""Q5B""}, {""type"": ""multi_select"", ""answer"": [""academic_reason"", ""mutual_friend"", ""group_activity"", ""approachable""], ""answered_at"": 1773221897279, ""question_code"": ""Q6""}, {""type"": ""single_select"", ""answer"": ""wait_for_someone"", ""answered_at"": 1773221915285, ""question_code"": ""Q7""}, {""type"": ""multi_select"", ""answer"": [""no_ice"", ""interest""], ""answered_at"": 1773221925062, ""question_code"": ""Q7C""}, {""type"": ""single_select"", ""answer"": ""group_activity"", ""answered_at"": 1773221934738, ""question_code"": ""Q8""}, {""type"": ""multi_select"", ""answer"": [""organic""], ""answered_at"": 1773221942787, ""question_code"": ""Q8B""}, {""type"": ""single_select"", ""answer"": ""in_person"", ""answered_at"": 1773221946257, ""question_code"": ""Q9""}, {""type"": ""multi_select"", ""answer"": [""other""], ""answered_at"": 1773221954659, ""question_code"": ""Q9B""}, {""type"": ""long_text"", ""answer"": ""There is a lack of open mindedness in casual conversations or speaking to random people."", ""answered_at"": 1773221989774, ""question_code"": ""Q10""}], ""respondent_id"": ""anon_jp7pse7rs"", ""computed_profile"": {""scores"": {""digital_comfort"": 0, ""social_openness"": 73, ""initiation_confidence"": 46, ""low_pressure_preference"": 47, ""shared_context_reliance"": 48}, ""signals"": [{""id"": ""initiation_gap"", ""desc"": ""You have a high drive to meet people but find the first step challenging."", ""label"": ""Initiation Gap""}, {""id"": ""patience_observer"", ""desc"": ""You prefer to read the room and let the social momentum build before engaging."", ""label"": ""Patient Observer""}], ""raw_points"": {""digital_comfort"": {""earned"": 0, ""possible_seen"": 7}, ""social_openness"": {""earned"": 8, ""possible_seen"": 11}, ""initiation_confidence"": {""earned"": 11, ""possible_seen"": 24}, ""low_pressure_preference"": {""earned"": 17, ""possible_seen"": 36}, ""shared_context_reliance"": {""earned"": 13, ""possible_seen"": 27}}, ""style_label"": ""Selective Socializer"", ""primary_style"": ""selective_socializer"", ""style_description"": ""You are open to connection but prefer the right context. You may favor meaningful or relevant interactions rather than casual small talk.""}, ""survey_session_id"": ""sess_m4ope1mhs""}",2026-03-11 09:39:55.291164+00,18-20,2nd,B.Tech/B.E.,Male,Hostel,354,,,,,
3a037713-5af2-4caa-a3f8-a1f5d1e0621c,,"{""answers"": [{""type"": ""single_select"", ""answer"": ""not_really"", ""answered_at"": 1773221779916, ""question_code"": ""Q1""}, {""type"": ""long_text"", ""answer"": ""i am eating on a bench during felicity and 2 guys came up to eat on the bench as well. ace started taking to them regarding the events etc"", ""answered_at"": 1773221842073, ""question_code"": ""Q2""}, {""type"": ""single_select"", ""answer"": ""event"", ""answered_at"": 1773221849717, ""question_code"": ""Q2A""}, {""type"": ""multi_select"", ""answer"": [""casual_moment""], ""answered_at"": 1773221855931, ""question_code"": ""Q2B""}, {""type"": ""single_select"", ""answer"": ""me"", ""answered_at"": 1773221859874, ""question_code"": ""Q2C""}, {""type"": ""scale"", ""answer"": 3, ""answered_at"": 1773221865982, ""question_code"": ""Q2D""}, {""type"": ""single_select"", ""answer"": ""no"", ""answered_at"": 1773221873724, ""question_code"": ""Q4""}, {""type"": ""single_select"", ""answer"": ""yes"", ""answered_at"": 1773221877714, ""question_code"": ""Q5""}, {""type"": ""multi_select"", ""answer"": [""people_in_groups"", ""dont_know_how_to_start"", ""no_reason_to_talk"", ""may_not_be_interested""], ""answered_at"": 1773221898972, ""question_code"": ""Q5A""}, {""type"": ""multi_select"", ""answer"": [""wait_for_someone"", ""observe"", ""talk_only_if_needed"", ""stick_to_known_people"", ""use_phone_avoid""], ""answered_at"": 1773221909090, ""question_code"": ""Q5B""}, {""type"": ""multi_select"", ""answer"": [""shared_interest"", ""academic_reason"", ""mutual_friend"", ""networking"", ""group_activity"", ""approachable""], ""answered_at"": 1773221937138, ""question_code"": ""Q6""}, {""type"": ""single_select"", ""answer"": ""clear_reason"", ""answered_at"": 1773221951164, ""question_code"": ""Q7""}, {""type"": ""multi_select"", ""answer"": [""task_help"", ""shared_obs""], ""answered_at"": 1773221962779, ""question_code"": ""Q7B""}, {""type"": ""single_select"", ""answer"": ""depends"", ""answered_at"": 1773221975496, ""question_code"": ""Q8""}, {""type"": ""multi_select"", ""answer"": [""mood"", ""size""], ""answered_at"": 1773221982224, ""question_code"": ""Q8C""}, {""type"": ""single_select"", ""answer"": ""online"", ""answered_at"": 1773222043262, ""question_code"": ""Q9""}, {""type"": ""multi_select"", ""answer"": [""more_time"", ""easier_common_interest"", ""easier_approach""], ""answered_at"": 1773222053240, ""question_code"": ""Q9A""}, {""type"": ""long_text"", ""answer"": ""having a clear reason to speak and communicate with peers. explaining topics that we feel that others have a doubt in. etc. we should have a common server like a discuss server but a little bit open to speak etc"", ""answered_at"": 1773222152589, ""question_code"": ""Q10""}], ""respondent_id"": ""anon_tkhxp3e9p"", ""computed_profile"": {""scores"": {""digital_comfort"": 100, ""social_openness"": 64, ""initiation_confidence"": 50, ""low_pressure_preference"": 63, ""shared_context_reliance"": 55}, ""signals"": [{""id"": ""safety_first"", ""desc"": ""You prioritize low-judgment, low-pressure environments for interaction."", ""label"": ""Safety Seeker""}, {""id"": ""digital_first"", ""desc"": ""You feel significantly more comfortable building initial bridges online."", ""label"": ""Digital First""}], ""raw_points"": {""digital_comfort"": {""earned"": 9, ""possible_seen"": 9}, ""social_openness"": {""earned"": 7, ""possible_seen"": 11}, ""initiation_confidence"": {""earned"": 11, ""possible_seen"": 22}, ""low_pressure_preference"": {""earned"": 19, ""possible_seen"": 30}, ""shared_context_reliance"": {""earned"": 12, ""possible_seen"": 22}}, ""style_label"": ""Low-Pressure Connector"", ""primary_style"": ""low_pressure_connector"", ""style_description"": ""You appear to prefer spaces where interaction feels less intense, less public, and less judgment-heavy. Smaller groups or online-first settings may work best.""}, ""survey_session_id"": ""sess_mxrdozjo5""}",2026-03-11 09:42:52.026748+00,18-20,2nd,B.Tech/B.E.,Male,Hostel,439,5,true,true,,
3b617cbf-3d51-4375-9123-9f6a98411472,,"{""answers"": [{""type"": ""single_select"", ""answer"": ""prefer_known_people"", ""answered_at"": 1773221797460, ""question_code"": ""Q1""}, {""type"": ""long_text"", ""answer"": ""Not remembered\nMaybe be friend of my friend"", ""answered_at"": 1773221841788, ""question_code"": ""Q2""}, {""type"": ""single_select"", ""answer"": ""mutual_friend"", ""answered_at"": 1773221859414, ""question_code"": ""Q2A""}, {""type"": ""multi_select"", ""answer"": [""casual_moment""], ""answered_at"": 1773221873737, ""question_code"": ""Q2B""}, {""type"": ""single_select"", ""answer"": ""both_naturally"", ""answered_at"": 1773221879624, ""question_code"": ""Q2C""}, {""type"": ""scale"", ""answer"": 4, ""answered_at"": 1773221883862, ""question_code"": ""Q2D""}, {""type"": ""multi_select"", ""answer"": [""topic""], ""answered_at"": 1773221894564, ""question_code"": ""Q2F""}, {""type"": ""single_select"", ""answer"": ""yes"", ""answered_at"": 1773221903290, ""question_code"": ""Q4""}, {""type"": ""multi_select"", ""answer"": [""shared_activities"", ""someone_else_starts"", ""common_interest""], ""answered_at"": 1773221917523, ""question_code"": ""Q4A""}, {""type"": ""multi_select"", ""answer"": [""shared_purpose"", ""natural_start"", ""common_ground""], ""answered_at"": 1773221926185, ""question_code"": ""Q4B""}, {""type"": ""single_select"", ""answer"": ""yes"", ""answered_at"": 1773221933037, ""question_code"": ""Q5""}, {""type"": ""multi_select"", ""answer"": [""no_reason_to_talk"", ""may_not_be_interested""], ""answered_at"": 1773221950627, ""question_code"": ""Q5A""}, {""type"": ""multi_select"", ""answer"": [""observe"", ""talk_only_if_needed"", ""leave"", ""stick_to_known_people"", ""use_phone_avoid""], ""answered_at"": 1773221972119, ""question_code"": ""Q5B""}, {""type"": ""multi_select"", ""answer"": [""need_for_company"", ""approachable"", ""academic_reason"", ""mutual_friend"", ""shared_interest""], ""answered_at"": 1773221996042, ""question_code"": ""Q6""}, {""type"": ""single_select"", ""answer"": ""observe_first"", ""answered_at"": 1773222018597, ""question_code"": ""Q7""}, {""type"": ""multi_select"", ""answer"": [""reason"", ""open"", ""natural""], ""answered_at"": 1773222034058, ""question_code"": ""Q7D""}, {""type"": ""single_select"", ""answer"": ""group_activity"", ""answered_at"": 1773222051348, ""question_code"": ""Q8""}, {""type"": ""multi_select"", ""answer"": [""observe_first"", ""less_init_pressure""], ""answered_at"": 1773222072052, ""question_code"": ""Q8B""}, {""type"": ""single_select"", ""answer"": ""in_person"", ""answered_at"": 1773222077521, ""question_code"": ""Q9""}, {""type"": ""multi_select"", ""answer"": [""natural"", ""read_person"", ""genuine""], ""answered_at"": 1773222090753, ""question_code"": ""Q9B""}, {""type"": ""long_text"", ""answer"": ""I usually interact more on sports like cricket or any other games. They already feel they share a common interest so easier to initiate"", ""answered_at"": 1773222234949, ""question_code"": ""Q10""}], ""respondent_id"": ""anon_xdl4ty3nj"", ""computed_profile"": {""scores"": {""digital_comfort"": 0, ""social_openness"": 60, ""initiation_confidence"": 46, ""low_pressure_preference"": 47, ""shared_context_reliance"": 73}, ""signals"": [{""id"": ""context_anchor"", ""desc"": ""Situational triggers (like classes or tasks) are your primary social bridge."", ""label"": ""Context Anchor""}, {""id"": ""patience_observer"", ""desc"": ""You prefer to read the room and let the social momentum build before engaging."", ""label"": ""Patient Observer""}], ""raw_points"": {""digital_comfort"": {""earned"": 0, ""possible_seen"": 7}, ""social_openness"": {""earned"": 6, ""possible_seen"": 10}, ""initiation_confidence"": {""earned"": 11, ""possible_seen"": 24}, ""low_pressure_preference"": {""earned"": 16, ""possible_seen"": 34}, ""shared_context_reliance"": {""earned"": 22, ""possible_seen"": 30}}, ""style_label"": ""Context-Based Connector"", ""primary_style"": ""context_based_connector"", ""style_description"": ""You seem to connect best when there’s a shared reason to interact, such as classes, activities, or common interests. Structured settings may make social interaction easier.""}, ""survey_session_id"": ""sess_rgaqfqlm2""}",2026-03-11 09:44:02.50705+00,23-24,1st,M.Tech/M.E.,,Hostel,486,5,true,true,,
3de3b39b-5999-4ec6-ab2e-b8331f829161,,"{""answers"": [{""type"": ""single_select"", ""answer"": ""not_really"", ""answered_at"": 1773210337815, ""question_code"": ""Q1""}, {""type"": ""long_text"", ""answer"": ""I think evals talked to a TA"", ""answered_at"": 1773210407520, ""question_code"": ""Q2""}, {""type"": ""single_select"", ""answer"": ""other"", ""answered_at"": 1773210417393, ""question_code"": ""Q2A""}, {""type"": ""multi_select"", ""answer"": [""academic_need""], ""answered_at"": 1773210420061, ""question_code"": ""Q2B""}, {""type"": ""single_select"", ""answer"": ""them"", ""answered_at"": 1773210453412, ""question_code"": ""Q2C""}, {""type"": ""scale"", ""answer"": 2, ""answered_at"": 1773210455595, ""question_code"": ""Q2D""}, {""type"": ""multi_select"", ""answer"": [""awkward""], ""answered_at"": 1773210458720, ""question_code"": ""Q2E""}, {""type"": ""single_select"", ""answer"": ""sometimes"", ""answered_at"": 1773210475291, ""question_code"": ""Q4""}, {""type"": ""multi_select"", ""answer"": [""common_interest""], ""answered_at"": 1773210529791, ""question_code"": ""Q4A""}, {""type"": ""multi_select"", ""answer"": [""shared_purpose""], ""answered_at"": 1773210593085, ""question_code"": ""Q4B""}, {""type"": ""single_select"", ""answer"": ""yes"", ""answered_at"": 1773210742812, ""question_code"": ""Q5""}, {""type"": ""multi_select"", ""answer"": [""may_not_be_interested""], ""answered_at"": 1773210825171, ""question_code"": ""Q5A""}, {""type"": ""multi_select"", ""answer"": [""observe""], ""answered_at"": 1773210842142, ""question_code"": ""Q5B""}, {""type"": ""multi_select"", ""answer"": [""shared_interest"", ""academic_reason""], ""answered_at"": 1773210847299, ""question_code"": ""Q6""}, {""type"": ""single_select"", ""answer"": ""observe_first"", ""answered_at"": 1773210862207, ""question_code"": ""Q7""}, {""type"": ""multi_select"", ""answer"": [""common_interest"", ""open""], ""answered_at"": 1773210872377, ""question_code"": ""Q7D""}, {""type"": ""single_select"", ""answer"": ""depends"", ""answered_at"": 1773210884640, ""question_code"": ""Q8""}, {""type"": ""multi_select"", ""answer"": [""mood""], ""answered_at"": 1773210893072, ""question_code"": ""Q8C""}, {""type"": ""single_select"", ""answer"": ""online"", ""answered_at"": 1773210896207, ""question_code"": ""Q9""}, {""type"": ""multi_select"", ""answer"": [""more_time""], ""answered_at"": 1773210898265, ""question_code"": ""Q9A""}, {""type"": ""long_text"", ""answer"": ""maybe having hostel events?"", ""answered_at"": 1773211500820, ""question_code"": ""Q10""}], ""respondent_id"": ""anon_83o7ip87v"", ""computed_profile"": {""scores"": {""digital_comfort"": 50, ""social_openness"": 40, ""initiation_confidence"": 17, ""low_pressure_preference"": 46, ""shared_context_reliance"": 48}, ""signals"": [{""id"": ""patience_observer"", ""desc"": ""You prefer to read the room and let the social momentum build before engaging."", ""label"": ""Patient Observer""}], ""raw_points"": {""digital_comfort"": {""earned"": 6, ""possible_seen"": 12}, ""social_openness"": {""earned"": 4, ""possible_seen"": 10}, ""initiation_confidence"": {""earned"": 4, ""possible_seen"": 23}, ""low_pressure_preference"": {""earned"": 18, ""possible_seen"": 39}, ""shared_context_reliance"": {""earned"": 14, ""possible_seen"": 29}}, ""style_label"": ""Familiar-Circle Preferer"", ""primary_style"": ""familiar_circle_preferer"", ""style_description"": ""You thrive in familiar environments and relationships. You prefer depth over breadth and usually stick to people you already know well.""}, ""survey_session_id"": ""sess_et9klask7""}",2026-03-11 06:45:06.454402+00,21-22,3rd,B.Tech/B.E.,Female,Hostel,1229,4,true,true,,
435f62a4-4283-4816-97e0-328d3db5da13,,"{""answers"": [{""type"": ""single_select"", ""answer"": ""yes"", ""answered_at"": 1773221363544, ""question_code"": ""Q1""}, {""type"": ""long_text"", ""answer"": ""I think it was a shallow meet, nothing as such"", ""answered_at"": 1773221412644, ""question_code"": ""Q2""}, {""type"": ""single_select"", ""answer"": ""group_assignment"", ""answered_at"": 1773221429997, ""question_code"": ""Q2A""}, {""type"": ""multi_select"", ""answer"": [""shared_task"", ""academic_need"", ""shared_interest""], ""answered_at"": 1773221435218, ""question_code"": ""Q2B""}, {""type"": ""single_select"", ""answer"": ""them"", ""answered_at"": 1773221443789, ""question_code"": ""Q2C""}, {""type"": ""scale"", ""answer"": 3, ""answered_at"": 1773221451324, ""question_code"": ""Q2D""}, {""type"": ""single_select"", ""answer"": ""yes"", ""answered_at"": 1773221459652, ""question_code"": ""Q4""}, {""type"": ""multi_select"", ""answer"": [""shared_activities"", ""small_groups"", ""one_on_one"", ""someone_else_starts"", ""online_interactions""], ""answered_at"": 1773221492605, ""question_code"": ""Q4A""}, {""type"": ""multi_select"", ""answer"": [""shared_purpose"", ""natural_start"", ""less_pressure"", ""common_ground"", ""small_group""], ""answered_at"": 1773221500816, ""question_code"": ""Q4B""}, {""type"": ""single_select"", ""answer"": ""yes"", ""answered_at"": 1773221505970, ""question_code"": ""Q5""}, {""type"": ""multi_select"", ""answer"": [""worry_about_judgment"", ""too_formal"", ""too_public"", ""may_not_be_interested""], ""answered_at"": 1773221521320, ""question_code"": ""Q5A""}, {""type"": ""multi_select"", ""answer"": [""observe"", ""talk_only_if_needed"", ""stick_to_known_people"", ""wait_for_someone"", ""use_phone_avoid""], ""answered_at"": 1773221554418, ""question_code"": ""Q5B""}, {""type"": ""multi_select"", ""answer"": [""shared_interest"", ""academic_reason"", ""mutual_friend"", ""group_activity"", ""approachable""], ""answered_at"": 1773221568451, ""question_code"": ""Q6""}, {""type"": ""single_select"", ""answer"": ""start_quickly"", ""answered_at"": 1773221662149, ""question_code"": ""Q7""}, {""type"": ""multi_select"", ""answer"": [""natural"", ""approachable""], ""answered_at"": 1773221671009, ""question_code"": ""Q7A""}, {""type"": ""single_select"", ""answer"": ""depends"", ""answered_at"": 1773221693659, ""question_code"": ""Q8""}, {""type"": ""multi_select"", ""answer"": [""mood"", ""size"", ""friends""], ""answered_at"": 1773221704062, ""question_code"": ""Q8C""}, {""type"": ""single_select"", ""answer"": ""both_similar"", ""answered_at"": 1773221711324, ""question_code"": ""Q9""}, {""type"": ""multi_select"", ""answer"": [""natural_flow"", ""low_judgment""], ""answered_at"": 1773221723537, ""question_code"": ""Q9C""}, {""type"": ""long_text"", ""answer"": ""Students/club organised events works best"", ""answered_at"": 1773221772066, ""question_code"": ""Q10""}], ""respondent_id"": ""anon_twwpldv6g"", ""computed_profile"": {""scores"": {""digital_comfort"": 71, ""social_openness"": 100, ""initiation_confidence"": 56, ""low_pressure_preference"": 73, ""shared_context_reliance"": 77}, ""signals"": [{""id"": ""context_anchor"", ""desc"": ""Situational triggers (like classes or tasks) are your primary social bridge."", ""label"": ""Context Anchor""}, {""id"": ""safety_first"", ""desc"": ""You prioritize low-judgment, low-pressure environments for interaction."", ""label"": ""Safety Seeker""}, {""id"": ""digital_first"", ""desc"": ""You feel significantly more comfortable building initial bridges online."", ""label"": ""Digital First""}], ""raw_points"": {""digital_comfort"": {""earned"": 5, ""possible_seen"": 7}, ""social_openness"": {""earned"": 10, ""possible_seen"": 10}, ""initiation_confidence"": {""earned"": 15, ""possible_seen"": 27}, ""low_pressure_preference"": {""earned"": 24, ""possible_seen"": 33}, ""shared_context_reliance"": {""earned"": 20, ""possible_seen"": 26}}, ""style_label"": ""Low-Pressure Connector"", ""primary_style"": ""low_pressure_connector"", ""style_description"": ""You appear to prefer spaces where interaction feels less intense, less public, and less judgment-heavy. Smaller groups or online-first settings may work best.""}, ""survey_session_id"": ""sess_4kwvhnobf""}",2026-03-11 09:36:18.707203+00,21-22,1st,M.Tech/M.E.,Male,Hostel,465,3,,,,
4a4d6d49-858f-4da4-ae86-2d33a5da61dc,,"{""answers"": [{""type"": ""single_select"", ""answer"": ""sometimes"", ""answered_at"": 1773221174489, ""question_code"": ""Q1""}, {""type"": ""long_text"", ""answer"": ""Someone asked me for directions "", ""answered_at"": 1773221189077, ""question_code"": ""Q2""}, {""type"": ""single_select"", ""answer"": ""hostel_common_area"", ""answered_at"": 1773221196843, ""question_code"": ""Q2A""}, {""type"": ""multi_select"", ""answer"": [""they_approached""], ""answered_at"": 1773221202883, ""question_code"": ""Q2B""}, {""type"": ""single_select"", ""answer"": ""them"", ""answered_at"": 1773221206102, ""question_code"": ""Q2C""}, {""type"": ""scale"", ""answer"": 3, ""answered_at"": 1773221209548, ""question_code"": ""Q2D""}, {""type"": ""single_select"", ""answer"": ""sometimes"", ""answered_at"": 1773221216406, ""question_code"": ""Q4""}, {""type"": ""multi_select"", ""answer"": [""one_on_one"", ""informal_casual""], ""answered_at"": 1773221227624, ""question_code"": ""Q4A""}, {""type"": ""multi_select"", ""answer"": [""less_pressure"", ""natural_start""], ""answered_at"": 1773221231788, ""question_code"": ""Q4B""}, {""type"": ""single_select"", ""answer"": ""yes"", ""answered_at"": 1773221237462, ""question_code"": ""Q5""}, {""type"": ""multi_select"", ""answer"": [""too_formal""], ""answered_at"": 1773221246566, ""question_code"": ""Q5A""}, {""type"": ""multi_select"", ""answer"": [""talk_only_if_needed"", ""observe""], ""answered_at"": 1773221258839, ""question_code"": ""Q5B""}, {""type"": ""multi_select"", ""answer"": [""curiosity"", ""approachable""], ""answered_at"": 1773221267478, ""question_code"": ""Q6""}, {""type"": ""single_select"", ""answer"": ""observe_first"", ""answered_at"": 1773221275656, ""question_code"": ""Q7""}, {""type"": ""multi_select"", ""answer"": [""open"", ""natural""], ""answered_at"": 1773221294068, ""question_code"": ""Q7D""}, {""type"": ""single_select"", ""answer"": ""one_on_one"", ""answered_at"": 1773221302271, ""question_code"": ""Q8""}, {""type"": ""multi_select"", ""answer"": [""depth"", ""pressure"", ""noise""], ""answered_at"": 1773221313808, ""question_code"": ""Q8A""}, {""type"": ""single_select"", ""answer"": ""in_person"", ""answered_at"": 1773221320136, ""question_code"": ""Q9""}, {""type"": ""multi_select"", ""answer"": [""read_person"", ""natural"", ""genuine""], ""answered_at"": 1773221327433, ""question_code"": ""Q9B""}, {""type"": ""long_text"", ""answer"": ""Easy for communicating "", ""answered_at"": 1773221365903, ""question_code"": ""Q10""}], ""respondent_id"": ""anon_ul7jlbt2j"", ""computed_profile"": {""scores"": {""digital_comfort"": 0, ""social_openness"": 70, ""initiation_confidence"": 35, ""low_pressure_preference"": 74, ""shared_context_reliance"": 7}, ""signals"": [{""id"": ""initiation_gap"", ""desc"": ""You have a high drive to meet people but find the first step challenging."", ""label"": ""Initiation Gap""}, {""id"": ""safety_first"", ""desc"": ""You prioritize low-judgment, low-pressure environments for interaction."", ""label"": ""Safety Seeker""}, {""id"": ""depth_seeker"", ""desc"": ""You excel in 1-on-1 settings where you can build deeper individual connections."", ""label"": ""Depth Seeker""}, {""id"": ""patience_observer"", ""desc"": ""You prefer to read the room and let the social momentum build before engaging."", ""label"": ""Patient Observer""}], ""raw_points"": {""digital_comfort"": {""earned"": 0, ""possible_seen"": 7}, ""social_openness"": {""earned"": 7, ""possible_seen"": 10}, ""initiation_confidence"": {""earned"": 8, ""possible_seen"": 23}, ""low_pressure_preference"": {""earned"": 26, ""possible_seen"": 35}, ""shared_context_reliance"": {""earned"": 2, ""possible_seen"": 28}}, ""style_label"": ""Warm-Up Socializer"", ""primary_style"": ""warm_up_socializer"", ""style_description"": ""You tend to ease into new interactions rather than jumping in immediately. You may feel most comfortable when there’s time to observe, a shared context, or a lower-pressure environment.""}, ""survey_session_id"": ""sess_i0r1c8p2e""}",2026-03-11 09:29:31.0962+00,18-20,2nd,B.Tech/B.E.,Female,Hostel,215,4,true,true,,
50179650-094a-4800-bbc6-aeb0738c90e2,,"{""answers"": [{""type"": ""single_select"", ""answer"": ""sometimes"", ""answered_at"": 1773226726251, ""question_code"": ""Q1""}, {""type"": ""long_text"", ""answer"": ""Recently ,I spome to a guy for some internship opportunity and also through linkedin I interact sometimes"", ""answered_at"": 1773226775631, ""question_code"": ""Q2""}, {""type"": ""single_select"", ""answer"": ""hostel_common_area"", ""answered_at"": 1773226783234, ""question_code"": ""Q2A""}, {""type"": ""multi_select"", ""answer"": [""i_approached""], ""answered_at"": 1773226788835, ""question_code"": ""Q2B""}, {""type"": ""single_select"", ""answer"": ""both_naturally"", ""answered_at"": 1773226796790, ""question_code"": ""Q2C""}, {""type"": ""scale"", ""answer"": 3, ""answered_at"": 1773226802611, ""question_code"": ""Q2D""}, {""type"": ""single_select"", ""answer"": ""yes"", ""answered_at"": 1773226808942, ""question_code"": ""Q4""}, {""type"": ""multi_select"", ""answer"": [""online_interactions"", ""one_on_one""], ""answered_at"": 1773226937216, ""question_code"": ""Q4A""}, {""type"": ""multi_select"", ""answer"": [""natural_start"", ""shared_purpose"", ""less_pressure""], ""answered_at"": 1773226945323, ""question_code"": ""Q4B""}, {""type"": ""single_select"", ""answer"": ""sometimes"", ""answered_at"": 1773227180000, ""question_code"": ""Q5""}, {""type"": ""multi_select"", ""answer"": [""no_reason_to_talk"", ""may_not_be_interested""], ""answered_at"": 1773227244453, ""question_code"": ""Q5A""}, {""type"": ""multi_select"", ""answer"": [""observe"", ""talk_only_if_needed"", ""stick_to_known_people""], ""answered_at"": 1773227259184, ""question_code"": ""Q5B""}, {""type"": ""multi_select"", ""answer"": [""shared_interest"", ""academic_reason"", ""mutual_friend"", ""curiosity"", ""networking"", ""group_activity""], ""answered_at"": 1773227282001, ""question_code"": ""Q6""}, {""type"": ""single_select"", ""answer"": ""clear_reason"", ""answered_at"": 1773227338004, ""question_code"": ""Q7""}, {""type"": ""multi_select"", ""answer"": [""task_help"", ""shared_obs""], ""answered_at"": 1773227376933, ""question_code"": ""Q7B""}, {""type"": ""single_select"", ""answer"": ""group_activity"", ""answered_at"": 1773227385179, ""question_code"": ""Q8""}, {""type"": ""multi_select"", ""answer"": [""task_natural"", ""less_init_pressure"", ""observe_first""], ""answered_at"": 1773227397577, ""question_code"": ""Q8B""}, {""type"": ""single_select"", ""answer"": ""online"", ""answered_at"": 1773227402391, ""question_code"": ""Q9""}, {""type"": ""multi_select"", ""answer"": [""less_pressure"", ""less_judgment"", ""easier_approach""], ""answered_at"": 1773227410203, ""question_code"": ""Q9A""}, {""type"": ""long_text"", ""answer"": ""Any platform with shared interests and some events hosted based on that shared goal"", ""answered_at"": 1773227450974, ""question_code"": ""Q10""}], ""respondent_id"": ""anon_p83vyjdhg"", ""computed_profile"": {""scores"": {""digital_comfort"": 100, ""social_openness"": 82, ""initiation_confidence"": 63, ""low_pressure_preference"": 63, ""shared_context_reliance"": 60}, ""signals"": [{""id"": ""context_anchor"", ""desc"": ""Situational triggers (like classes or tasks) are your primary social bridge."", ""label"": ""Context Anchor""}, {""id"": ""safety_first"", ""desc"": ""You prioritize low-judgment, low-pressure environments for interaction."", ""label"": ""Safety Seeker""}, {""id"": ""digital_first"", ""desc"": ""You feel significantly more comfortable building initial bridges online."", ""label"": ""Digital First""}], ""raw_points"": {""digital_comfort"": {""earned"": 12, ""possible_seen"": 12}, ""social_openness"": {""earned"": 9, ""possible_seen"": 11}, ""initiation_confidence"": {""earned"": 15, ""possible_seen"": 24}, ""low_pressure_preference"": {""earned"": 24, ""possible_seen"": 38}, ""shared_context_reliance"": {""earned"": 18, ""possible_seen"": 30}}, ""style_label"": ""Direct Initiator"", ""primary_style"": ""direct_initiator"", ""style_description"": ""You seem comfortable taking the first step in social situations. You may find it easier than most people to begin conversations and build momentum quickly.""}, ""survey_session_id"": ""sess_jz40u06k2""}",2026-03-11 11:10:53.571425+00,21-22,1st,M.Tech/M.E.,Male,Hostel,774,5,true,true,,
50b96708-c4df-44da-b989-be8d121c214d,,"{""answers"": [{""type"": ""single_select"", ""answer"": ""sometimes"", ""answered_at"": 1773212413588, ""question_code"": ""Q1""}, {""type"": ""long_text"", ""answer"": ""5 min back, helping a research internship student about hostels"", ""answered_at"": 1773212454397, ""question_code"": ""Q2""}, {""type"": ""single_select"", ""answer"": ""hostel_common_area"", ""answered_at"": 1773212460000, ""question_code"": ""Q2A""}, {""type"": ""multi_select"", ""answer"": [""they_approached"", ""academic_need""], ""answered_at"": 1773212471733, ""question_code"": ""Q2B""}, {""type"": ""single_select"", ""answer"": ""them"", ""answered_at"": 1773212489505, ""question_code"": ""Q2C""}, {""type"": ""scale"", ""answer"": 4, ""answered_at"": 1773212492345, ""question_code"": ""Q2D""}, {""type"": ""multi_select"", ""answer"": [""natural"", ""relaxed""], ""answered_at"": 1773212502420, ""question_code"": ""Q2F""}, {""type"": ""single_select"", ""answer"": ""sometimes"", ""answered_at"": 1773212525249, ""question_code"": ""Q4""}, {""type"": ""multi_select"", ""answer"": [""shared_activities"", ""informal_casual"", ""someone_else_starts"", ""small_groups""], ""answered_at"": 1773212545009, ""question_code"": ""Q4A""}, {""type"": ""multi_select"", ""answer"": [""other""], ""answered_at"": 1773212570303, ""question_code"": ""Q4B""}, {""type"": ""single_select"", ""answer"": ""yes"", ""answered_at"": 1773212574799, ""question_code"": ""Q5""}, {""type"": ""multi_select"", ""answer"": [""people_in_groups"", ""no_reason_to_talk"", ""may_not_be_interested""], ""answered_at"": 1773212587590, ""question_code"": ""Q5A""}, {""type"": ""multi_select"", ""answer"": [""talk_only_if_needed"", ""stick_to_known_people"", ""wait_for_someone"", ""use_phone_avoid""], ""answered_at"": 1773212602484, ""question_code"": ""Q5B""}, {""type"": ""multi_select"", ""answer"": [""other""], ""answered_at"": 1773212637199, ""question_code"": ""Q6""}, {""type"": ""single_select"", ""answer"": ""start_quickly"", ""answered_at"": 1773212651691, ""question_code"": ""Q7""}, {""type"": ""multi_select"", ""answer"": [""approachable""], ""answered_at"": 1773212668760, ""question_code"": ""Q7A""}, {""type"": ""single_select"", ""answer"": ""group_activity"", ""answered_at"": 1773212676092, ""question_code"": ""Q8""}, {""type"": ""multi_select"", ""answer"": [""observe_first"", ""organic""], ""answered_at"": 1773212715285, ""question_code"": ""Q8B""}, {""type"": ""single_select"", ""answer"": ""both_similar"", ""answered_at"": 1773212723446, ""question_code"": ""Q9""}, {""type"": ""multi_select"", ""answer"": [""natural_flow"", ""low_judgment""], ""answered_at"": 1773212748373, ""question_code"": ""Q9C""}, {""type"": ""long_text"", ""answer"": ""Shared interests, Academic activities"", ""answered_at"": 1773212773361, ""question_code"": ""Q10""}], ""respondent_id"": ""anon_gtda65kq0"", ""computed_profile"": {""scores"": {""digital_comfort"": 29, ""social_openness"": 50, ""initiation_confidence"": 46, ""low_pressure_preference"": 45, ""shared_context_reliance"": 48}, ""signals"": [], ""raw_points"": {""digital_comfort"": {""earned"": 2, ""possible_seen"": 7}, ""social_openness"": {""earned"": 5, ""possible_seen"": 10}, ""initiation_confidence"": {""earned"": 13, ""possible_seen"": 28}, ""low_pressure_preference"": {""earned"": 15, ""possible_seen"": 33}, ""shared_context_reliance"": {""earned"": 13, ""possible_seen"": 27}}, ""style_label"": ""Selective Socializer"", ""primary_style"": ""selective_socializer"", ""style_description"": ""You are open to connection but prefer the right context. You may favor meaningful or relevant interactions rather than casual small talk.""}, ""survey_session_id"": ""sess_knkhvcg0y""}",2026-03-11 07:06:19.183201+00,23-24,1st,M.Tech/M.E.,Female,Hostel,444,3,false,false,,
540d56f5-ffb4-4765-92eb-cb8d7349fa52,,"{""answers"": [{""type"": ""single_select"", ""answer"": ""yes"", ""answered_at"": 1773219947112, ""question_code"": ""Q1""}, {""type"": ""long_text"", ""answer"": ""Yesterday, DASS presentation, forced random TAs to compliment me. Love making people uncomfortable."", ""answered_at"": 1773219999339, ""question_code"": ""Q2""}, {""type"": ""single_select"", ""answer"": ""group_assignment"", ""answered_at"": 1773220105386, ""question_code"": ""Q2A""}, {""type"": ""multi_select"", ""answer"": [""i_approached""], ""answered_at"": 1773220110050, ""question_code"": ""Q2B""}, {""type"": ""single_select"", ""answer"": ""me"", ""answered_at"": 1773220112562, ""question_code"": ""Q2C""}, {""type"": ""scale"", ""answer"": 5, ""answered_at"": 1773220115049, ""question_code"": ""Q2D""}, {""type"": ""multi_select"", ""answer"": [""other""], ""answered_at"": 1773220123845, ""question_code"": ""Q2F""}, {""type"": ""single_select"", ""answer"": ""yes"", ""answered_at"": 1773220127417, ""question_code"": ""Q4""}, {""type"": ""multi_select"", ""answer"": [""shared_activities"", ""small_groups"", ""one_on_one"", ""informal_casual"", ""online_interactions"", ""common_interest""], ""answered_at"": 1773220139342, ""question_code"": ""Q4A""}, {""type"": ""multi_select"", ""answer"": [""less_pressure""], ""answered_at"": 1773220182665, ""question_code"": ""Q4B""}, {""type"": ""single_select"", ""answer"": ""no"", ""answered_at"": 1773220188271, ""question_code"": ""Q5""}, {""type"": ""multi_select"", ""answer"": [""curiosity""], ""answered_at"": 1773220235390, ""question_code"": ""Q6""}, {""type"": ""single_select"", ""answer"": ""start_quickly"", ""answered_at"": 1773220266409, ""question_code"": ""Q7""}, {""type"": ""multi_select"", ""answer"": [""natural""], ""answered_at"": 1773220342023, ""question_code"": ""Q7A""}, {""type"": ""single_select"", ""answer"": ""depends"", ""answered_at"": 1773220351447, ""question_code"": ""Q8""}, {""type"": ""multi_select"", ""answer"": [""mood""], ""answered_at"": 1773220354877, ""question_code"": ""Q8C""}, {""type"": ""single_select"", ""answer"": ""both_similar"", ""answered_at"": 1773220359191, ""question_code"": ""Q9""}, {""type"": ""multi_select"", ""answer"": [""low_judgment"", ""natural_flow""], ""answered_at"": 1773220367030, ""question_code"": ""Q9C""}], ""respondent_id"": ""anon_twa43094s"", ""computed_profile"": {""scores"": {""digital_comfort"": 71, ""social_openness"": 90, ""initiation_confidence"": 88, ""low_pressure_preference"": 42, ""shared_context_reliance"": 39}, ""signals"": [{""id"": ""digital_first"", ""desc"": ""You feel significantly more comfortable building initial bridges online."", ""label"": ""Digital First""}], ""raw_points"": {""digital_comfort"": {""earned"": 5, ""possible_seen"": 7}, ""social_openness"": {""earned"": 9, ""possible_seen"": 10}, ""initiation_confidence"": {""earned"": 22, ""possible_seen"": 25}, ""low_pressure_preference"": {""earned"": 10, ""possible_seen"": 24}, ""shared_context_reliance"": {""earned"": 9, ""possible_seen"": 23}}, ""style_label"": ""Direct Initiator"", ""primary_style"": ""direct_initiator"", ""style_description"": ""You seem comfortable taking the first step in social situations. You may find it easier than most people to begin conversations and build momentum quickly.""}, ""survey_session_id"": ""sess_jqvlomzqb""}",2026-03-11 09:12:58.182476+00,21-22,2nd,B.Tech/B.E.,Female,Hostel,457,5,true,true,,
56571560-0590-41d0-b256-faa31f42bd71,,"{""answers"": [{""type"": ""single_select"", ""answer"": ""sometimes"", ""answered_at"": 1773220323587, ""question_code"": ""Q1""}, {""type"": ""long_text"", ""answer"": ""I usually interact with a lot of people during lunch timings and I prefer to sit for new people"", ""answered_at"": 1773220355241, ""question_code"": ""Q2""}, {""type"": ""single_select"", ""answer"": ""hostel_common_area"", ""answered_at"": 1773220363910, ""question_code"": ""Q2A""}, {""type"": ""multi_select"", ""answer"": [""casual_moment""], ""answered_at"": 1773220371040, ""question_code"": ""Q2B""}, {""type"": ""single_select"", ""answer"": ""both_naturally"", ""answered_at"": 1773220374655, ""question_code"": ""Q2C""}, {""type"": ""scale"", ""answer"": 4, ""answered_at"": 1773220377123, ""question_code"": ""Q2D""}, {""type"": ""multi_select"", ""answer"": [""relaxed""], ""answered_at"": 1773220382938, ""question_code"": ""Q2F""}, {""type"": ""single_select"", ""answer"": ""sometimes"", ""answered_at"": 1773220389844, ""question_code"": ""Q4""}, {""type"": ""multi_select"", ""answer"": [""shared_activities""], ""answered_at"": 1773220392291, ""question_code"": ""Q4A""}, {""type"": ""multi_select"", ""answer"": [""shared_purpose""], ""answered_at"": 1773220397057, ""question_code"": ""Q4B""}, {""type"": ""single_select"", ""answer"": ""sometimes"", ""answered_at"": 1773220401859, ""question_code"": ""Q5""}, {""type"": ""multi_select"", ""answer"": [""no_reason_to_talk""], ""answered_at"": 1773220415626, ""question_code"": ""Q5A""}, {""type"": ""multi_select"", ""answer"": [""talk_only_if_needed""], ""answered_at"": 1773220424979, ""question_code"": ""Q5B""}, {""type"": ""multi_select"", ""answer"": [""shared_interest""], ""answered_at"": 1773220427464, ""question_code"": ""Q6""}, {""type"": ""single_select"", ""answer"": ""start_quickly"", ""answered_at"": 1773220432406, ""question_code"": ""Q7""}, {""type"": ""multi_select"", ""answer"": [""experience""], ""answered_at"": 1773220435389, ""question_code"": ""Q7A""}, {""type"": ""single_select"", ""answer"": ""group_activity"", ""answered_at"": 1773220439142, ""question_code"": ""Q8""}, {""type"": ""multi_select"", ""answer"": [""less_init_pressure""], ""answered_at"": 1773220444925, ""question_code"": ""Q8B""}, {""type"": ""single_select"", ""answer"": ""in_person"", ""answered_at"": 1773220447793, ""question_code"": ""Q9""}, {""type"": ""multi_select"", ""answer"": [""flow""], ""answered_at"": 1773220455627, ""question_code"": ""Q9B""}, {""type"": ""long_text"", ""answer"": ""To have an app where people can find out interests and get in touch with people with the same hobbies or plans"", ""answered_at"": 1773220493044, ""question_code"": ""Q10""}], ""respondent_id"": ""anon_ghc5tzmhz"", ""computed_profile"": {""scores"": {""digital_comfort"": 0, ""social_openness"": 70, ""initiation_confidence"": 57, ""low_pressure_preference"": 18, ""shared_context_reliance"": 59}, ""signals"": [{""id"": ""context_anchor"", ""desc"": ""Situational triggers (like classes or tasks) are your primary social bridge."", ""label"": ""Context Anchor""}], ""raw_points"": {""digital_comfort"": {""earned"": 0, ""possible_seen"": 7}, ""social_openness"": {""earned"": 7, ""possible_seen"": 10}, ""initiation_confidence"": {""earned"": 16, ""possible_seen"": 28}, ""low_pressure_preference"": {""earned"": 6, ""possible_seen"": 33}, ""shared_context_reliance"": {""earned"": 16, ""possible_seen"": 27}}, ""style_label"": ""Context-Based Connector"", ""primary_style"": ""context_based_connector"", ""style_description"": ""You seem to connect best when there’s a shared reason to interact, such as classes, activities, or common interests. Structured settings may make social interaction easier.""}, ""survey_session_id"": ""sess_8070rl0sh""}",2026-03-11 09:14:57.741456+00,18-20,1st,B.Tech/B.E.,Male,Hostel,208,4,true,true,,
5c67b48b-3238-4909-b0f2-b6eb9ae95bd2,,"{""answers"": [{""type"": ""single_select"", ""answer"": ""yes"", ""answered_at"": 1773220266237, ""question_code"": ""Q1""}, {""type"": ""long_text"", ""answer"": ""Today"", ""answered_at"": 1773220272878, ""question_code"": ""Q2""}, {""type"": ""single_select"", ""answer"": ""other"", ""answered_at"": 1773220279242, ""question_code"": ""Q2A""}, {""type"": ""multi_select"", ""answer"": [""academic_need""], ""answered_at"": 1773220283726, ""question_code"": ""Q2B""}, {""type"": ""single_select"", ""answer"": ""me"", ""answered_at"": 1773220287967, ""question_code"": ""Q2C""}, {""type"": ""scale"", ""answer"": 5, ""answered_at"": 1773220289816, ""question_code"": ""Q2D""}, {""type"": ""multi_select"", ""answer"": [""natural""], ""answered_at"": 1773220295719, ""question_code"": ""Q2F""}, {""type"": ""single_select"", ""answer"": ""yes"", ""answered_at"": 1773220300527, ""question_code"": ""Q4""}, {""type"": ""multi_select"", ""answer"": [""informal_casual""], ""answered_at"": 1773220335099, ""question_code"": ""Q4A""}, {""type"": ""multi_select"", ""answer"": [""shared_purpose""], ""answered_at"": 1773220338384, ""question_code"": ""Q4B""}, {""type"": ""single_select"", ""answer"": ""sometimes"", ""answered_at"": 1773220341870, ""question_code"": ""Q5""}, {""type"": ""multi_select"", ""answer"": [""no_reason_to_talk""], ""answered_at"": 1773220353225, ""question_code"": ""Q5A""}, {""type"": ""multi_select"", ""answer"": [""talk_only_if_needed""], ""answered_at"": 1773220357409, ""question_code"": ""Q5B""}, {""type"": ""multi_select"", ""answer"": [""shared_interest""], ""answered_at"": 1773220362876, ""question_code"": ""Q6""}, {""type"": ""single_select"", ""answer"": ""wait_for_someone"", ""answered_at"": 1773220367898, ""question_code"": ""Q7""}, {""type"": ""multi_select"", ""answer"": [""no_ice""], ""answered_at"": 1773220374861, ""question_code"": ""Q7C""}, {""type"": ""single_select"", ""answer"": ""one_on_one"", ""answered_at"": 1773220393043, ""question_code"": ""Q8""}, {""type"": ""multi_select"", ""answer"": [""depth""], ""answered_at"": 1773220397832, ""question_code"": ""Q8A""}, {""type"": ""single_select"", ""answer"": ""in_person"", ""answered_at"": 1773220401362, ""question_code"": ""Q9""}, {""type"": ""multi_select"", ""answer"": [""natural""], ""answered_at"": 1773220404695, ""question_code"": ""Q9B""}], ""respondent_id"": ""anon_6mytca9yx"", ""computed_profile"": {""scores"": {""digital_comfort"": 0, ""social_openness"": 55, ""initiation_confidence"": 57, ""low_pressure_preference"": 38, ""shared_context_reliance"": 40}, ""signals"": [{""id"": ""depth_seeker"", ""desc"": ""You excel in 1-on-1 settings where you can build deeper individual connections."", ""label"": ""Depth Seeker""}, {""id"": ""patience_observer"", ""desc"": ""You prefer to read the room and let the social momentum build before engaging."", ""label"": ""Patient Observer""}], ""raw_points"": {""digital_comfort"": {""earned"": 0, ""possible_seen"": 7}, ""social_openness"": {""earned"": 6, ""possible_seen"": 11}, ""initiation_confidence"": {""earned"": 13, ""possible_seen"": 23}, ""low_pressure_preference"": {""earned"": 14, ""possible_seen"": 37}, ""shared_context_reliance"": {""earned"": 10, ""possible_seen"": 25}}, ""style_label"": ""Balanced Navigator"", ""primary_style"": ""balanced_navigator"", ""style_description"": ""You read the room and move with it, adapting your social approach to the specific context and people around you.""}, ""survey_session_id"": ""sess_vn28e1yvv""}",2026-03-11 09:13:28.732113+00,21-22,4th_plus,B.Tech/B.E.,Male,Hostel,312,3,false,true,,
67747671-6858-491d-89ff-7ea1e2892628,,"{""answers"": [{""type"": ""single_select"", ""answer"": ""yes"", ""answered_at"": 1773220071619, ""question_code"": ""Q1""}, {""type"": ""long_text"", ""answer"": ""I met a lot of new people at one of the club events about a month ago. It was pretty much my first time meeting lot of new people at once this year, and it was really nice to be able to talk to new people about niche interests. The life of insanely hectic workload doesn't allow me to meet too many new people but it's always nice when there's an opportunity to meet a new person and have my world expand just a little bit more."", ""answered_at"": 1773220229961, ""question_code"": ""Q2""}, {""type"": ""single_select"", ""answer"": ""club"", ""answered_at"": 1773220234020, ""question_code"": ""Q2A""}, {""type"": ""multi_select"", ""answer"": [""shared_task""], ""answered_at"": 1773220241755, ""question_code"": ""Q2B""}, {""type"": ""single_select"", ""answer"": ""me"", ""answered_at"": 1773220244871, ""question_code"": ""Q2C""}, {""type"": ""scale"", ""answer"": 4, ""answered_at"": 1773220247037, ""question_code"": ""Q2D""}, {""type"": ""multi_select"", ""answer"": [""natural"", ""friendly"", ""relaxed""], ""answered_at"": 1773220252220, ""question_code"": ""Q2F""}, {""type"": ""single_select"", ""answer"": ""sometimes"", ""answered_at"": 1773220256201, ""question_code"": ""Q4""}, {""type"": ""multi_select"", ""answer"": [""shared_activities"", ""small_groups"", ""informal_casual"", ""someone_else_starts"", ""common_interest""], ""answered_at"": 1773220261620, ""question_code"": ""Q4A""}, {""type"": ""multi_select"", ""answer"": [""shared_purpose"", ""less_pressure"", ""common_ground"", ""natural_start"", ""small_group""], ""answered_at"": 1773220268787, ""question_code"": ""Q4B""}, {""type"": ""single_select"", ""answer"": ""sometimes"", ""answered_at"": 1773220271902, ""question_code"": ""Q5""}, {""type"": ""multi_select"", ""answer"": [""people_in_groups"", ""dont_know_how_to_start"", ""no_reason_to_talk"", ""may_not_be_interested""], ""answered_at"": 1773220278469, ""question_code"": ""Q5A""}, {""type"": ""multi_select"", ""answer"": [""stick_to_known_people"", ""observe"", ""wait_for_someone""], ""answered_at"": 1773220289754, ""question_code"": ""Q5B""}, {""type"": ""multi_select"", ""answer"": [""shared_interest"", ""mutual_friend"", ""need_for_company"", ""group_activity"", ""approachable""], ""answered_at"": 1773220297555, ""question_code"": ""Q6""}, {""type"": ""single_select"", ""answer"": ""start_quickly"", ""answered_at"": 1773220305670, ""question_code"": ""Q7""}, {""type"": ""multi_select"", ""answer"": [""experience""], ""answered_at"": 1773220312653, ""question_code"": ""Q7A""}, {""type"": ""single_select"", ""answer"": ""depends"", ""answered_at"": 1773220319687, ""question_code"": ""Q8""}, {""type"": ""multi_select"", ""answer"": [""friends"", ""mood""], ""answered_at"": 1773220324570, ""question_code"": ""Q8C""}, {""type"": ""single_select"", ""answer"": ""in_person"", ""answered_at"": 1773220327888, ""question_code"": ""Q9""}, {""type"": ""multi_select"", ""answer"": [""read_person"", ""flow"", ""genuine""], ""answered_at"": 1773220337270, ""question_code"": ""Q9B""}, {""type"": ""long_text"", ""answer"": ""More social groups and clubs would be nice. It's easy to find groups for running, book discussions, movies, board games or anything in a lot of cities, which really feels missing with Hyderabad and even more so with IIIT. Something improving upon that would be nice."", ""answered_at"": 1773220442008, ""question_code"": ""Q10""}], ""respondent_id"": ""anon_ifuro6137"", ""computed_profile"": {""scores"": {""digital_comfort"": 0, ""social_openness"": 100, ""initiation_confidence"": 70, ""low_pressure_preference"": 61, ""shared_context_reliance"": 85}, ""signals"": [{""id"": ""context_anchor"", ""desc"": ""Situational triggers (like classes or tasks) are your primary social bridge."", ""label"": ""Context Anchor""}, {""id"": ""safety_first"", ""desc"": ""You prioritize low-judgment, low-pressure environments for interaction."", ""label"": ""Safety Seeker""}], ""raw_points"": {""digital_comfort"": {""earned"": 0, ""possible_seen"": 7}, ""social_openness"": {""earned"": 10, ""possible_seen"": 10}, ""initiation_confidence"": {""earned"": 19, ""possible_seen"": 27}, ""low_pressure_preference"": {""earned"": 20, ""possible_seen"": 33}, ""shared_context_reliance"": {""earned"": 22, ""possible_seen"": 26}}, ""style_label"": ""Direct Initiator"", ""primary_style"": ""direct_initiator"", ""style_description"": ""You seem comfortable taking the first step in social situations. You may find it easier than most people to begin conversations and build momentum quickly.""}, ""survey_session_id"": ""sess_7l77ehnvf""}",2026-03-11 09:14:08.901502+00,18-20,3rd,B.Tech/B.E.,Male,Hostel,427,3,true,true,,
6aa6a904-825a-4c77-9479-3ba5b0ab3c6d,,"{""answers"": [{""type"": ""single_select"", ""answer"": ""sometimes"", ""answered_at"": 1773221788149, ""question_code"": ""Q1""}, {""type"": ""long_text"", ""answer"": ""Yesterday "", ""answered_at"": 1773221807050, ""question_code"": ""Q2""}, {""type"": ""single_select"", ""answer"": ""hostel_common_area"", ""answered_at"": 1773221818833, ""question_code"": ""Q2A""}, {""type"": ""multi_select"", ""answer"": [""casual_moment"", ""i_approached""], ""answered_at"": 1773221836017, ""question_code"": ""Q2B""}, {""type"": ""single_select"", ""answer"": ""me"", ""answered_at"": 1773221838979, ""question_code"": ""Q2C""}, {""type"": ""scale"", ""answer"": 3, ""answered_at"": 1773221841883, ""question_code"": ""Q2D""}, {""type"": ""single_select"", ""answer"": ""sometimes"", ""answered_at"": 1773221852507, ""question_code"": ""Q4""}, {""type"": ""multi_select"", ""answer"": [""informal_casual"", ""someone_else_starts""], ""answered_at"": 1773221866766, ""question_code"": ""Q4A""}, {""type"": ""multi_select"", ""answer"": [""less_pressure"", ""common_ground""], ""answered_at"": 1773221879691, ""question_code"": ""Q4B""}, {""type"": ""single_select"", ""answer"": ""sometimes"", ""answered_at"": 1773221888906, ""question_code"": ""Q5""}, {""type"": ""multi_select"", ""answer"": [""people_in_groups""], ""answered_at"": 1773221894905, ""question_code"": ""Q5A""}, {""type"": ""multi_select"", ""answer"": [""observe"", ""talk_only_if_needed""], ""answered_at"": 1773221910860, ""question_code"": ""Q5B""}, {""type"": ""multi_select"", ""answer"": [""shared_interest"", ""academic_reason"", ""mutual_friend"", ""networking""], ""answered_at"": 1773221934108, ""question_code"": ""Q6""}, {""type"": ""single_select"", ""answer"": ""observe_first"", ""answered_at"": 1773221955317, ""question_code"": ""Q7""}, {""type"": ""multi_select"", ""answer"": [""approachable"", ""reason""], ""answered_at"": 1773221967449, ""question_code"": ""Q7D""}, {""type"": ""single_select"", ""answer"": ""group_activity"", ""answered_at"": 1773221980984, ""question_code"": ""Q8""}, {""type"": ""multi_select"", ""answer"": [""task_natural"", ""less_init_pressure""], ""answered_at"": 1773221990002, ""question_code"": ""Q8B""}, {""type"": ""single_select"", ""answer"": ""in_person"", ""answered_at"": 1773221998119, ""question_code"": ""Q9""}, {""type"": ""multi_select"", ""answer"": [""natural"", ""read_person"", ""flow"", ""genuine""], ""answered_at"": 1773222009525, ""question_code"": ""Q9B""}, {""type"": ""long_text"", ""answer"": ""Events"", ""answered_at"": 1773222025985, ""question_code"": ""Q10""}], ""respondent_id"": ""anon_bsqx6abkw"", ""computed_profile"": {""scores"": {""digital_comfort"": 0, ""social_openness"": 70, ""initiation_confidence"": 58, ""low_pressure_preference"": 62, ""shared_context_reliance"": 53}, ""signals"": [{""id"": ""safety_first"", ""desc"": ""You prioritize low-judgment, low-pressure environments for interaction."", ""label"": ""Safety Seeker""}, {""id"": ""patience_observer"", ""desc"": ""You prefer to read the room and let the social momentum build before engaging."", ""label"": ""Patient Observer""}], ""raw_points"": {""digital_comfort"": {""earned"": 0, ""possible_seen"": 7}, ""social_openness"": {""earned"": 7, ""possible_seen"": 10}, ""initiation_confidence"": {""earned"": 14, ""possible_seen"": 24}, ""low_pressure_preference"": {""earned"": 21, ""possible_seen"": 34}, ""shared_context_reliance"": {""earned"": 16, ""possible_seen"": 30}}, ""style_label"": ""Warm-Up Socializer"", ""primary_style"": ""warm_up_socializer"", ""style_description"": ""You tend to ease into new interactions rather than jumping in immediately. You may feel most comfortable when there’s time to observe, a shared context, or a lower-pressure environment.""}, ""survey_session_id"": ""sess_d7g3n6oqs""}",2026-03-11 09:40:44.103188+00,23-24,2nd,M.Tech/M.E.,Female,Hostel,350,4,true,false,,
6f3c04ea-b1cc-46ee-a667-77f557998c9c,,"{""answers"": [{""type"": ""single_select"", ""answer"": ""yes"", ""answered_at"": 1773212386983, ""question_code"": ""Q1""}, {""type"": ""long_text"", ""answer"": ""In my class to an UG student. just introduced my self"", ""answered_at"": 1773212424983, ""question_code"": ""Q2""}, {""type"": ""single_select"", ""answer"": ""class"", ""answered_at"": 1773212428461, ""question_code"": ""Q2A""}, {""type"": ""multi_select"", ""answer"": [""casual_moment""], ""answered_at"": 1773212438412, ""question_code"": ""Q2B""}, {""type"": ""single_select"", ""answer"": ""both_naturally"", ""answered_at"": 1773212444053, ""question_code"": ""Q2C""}, {""type"": ""scale"", ""answer"": 4, ""answered_at"": 1773212449811, ""question_code"": ""Q2D""}, {""type"": ""multi_select"", ""answer"": [""natural""], ""answered_at"": 1773212453302, ""question_code"": ""Q2F""}, {""type"": ""single_select"", ""answer"": ""sometimes"", ""answered_at"": 1773212621865, ""question_code"": ""Q4""}, {""type"": ""multi_select"", ""answer"": [""small_groups"", ""informal_casual"", ""someone_else_starts"", ""common_interest""], ""answered_at"": 1773212639151, ""question_code"": ""Q4A""}, {""type"": ""multi_select"", ""answer"": [""small_group"", ""common_ground"", ""natural_start""], ""answered_at"": 1773212657714, ""question_code"": ""Q4B""}, {""type"": ""single_select"", ""answer"": ""sometimes"", ""answered_at"": 1773212662043, ""question_code"": ""Q5""}, {""type"": ""multi_select"", ""answer"": [""may_not_be_interested"", ""no_reason_to_talk""], ""answered_at"": 1773212679617, ""question_code"": ""Q5A""}, {""type"": ""multi_select"", ""answer"": [""talk_only_if_needed"", ""stick_to_known_people""], ""answered_at"": 1773212690034, ""question_code"": ""Q5B""}, {""type"": ""multi_select"", ""answer"": [""mutual_friend"", ""networking""], ""answered_at"": 1773212702139, ""question_code"": ""Q6""}, {""type"": ""single_select"", ""answer"": ""avoid_interacting"", ""answered_at"": 1773212877478, ""question_code"": ""Q7""}, {""type"": ""multi_select"", ""answer"": [""groups""], ""answered_at"": 1773212886597, ""question_code"": ""Q7E""}, {""type"": ""single_select"", ""answer"": ""group_activity"", ""answered_at"": 1773212893676, ""question_code"": ""Q8""}, {""type"": ""multi_select"", ""answer"": [""task_natural""], ""answered_at"": 1773212900107, ""question_code"": ""Q8B""}, {""type"": ""single_select"", ""answer"": ""online"", ""answered_at"": 1773212911147, ""question_code"": ""Q9""}, {""type"": ""multi_select"", ""answer"": [""less_pressure""], ""answered_at"": 1773212914043, ""question_code"": ""Q9A""}], ""respondent_id"": ""anon_sss7n64f2"", ""computed_profile"": {""scores"": {""digital_comfort"": 50, ""social_openness"": 60, ""initiation_confidence"": 50, ""low_pressure_preference"": 51, ""shared_context_reliance"": 59}, ""signals"": [{""id"": ""context_anchor"", ""desc"": ""Situational triggers (like classes or tasks) are your primary social bridge."", ""label"": ""Context Anchor""}], ""raw_points"": {""digital_comfort"": {""earned"": 6, ""possible_seen"": 12}, ""social_openness"": {""earned"": 6, ""possible_seen"": 10}, ""initiation_confidence"": {""earned"": 12, ""possible_seen"": 24}, ""low_pressure_preference"": {""earned"": 21, ""possible_seen"": 41}, ""shared_context_reliance"": {""earned"": 16, ""possible_seen"": 27}}, ""style_label"": ""Context-Based Connector"", ""primary_style"": ""context_based_connector"", ""style_description"": ""You seem to connect best when there’s a shared reason to interact, such as classes, activities, or common interests. Structured settings may make social interaction easier.""}, ""survey_session_id"": ""sess_t10bc87nn""}",2026-03-11 07:08:54.846381+00,23-24,2nd,M.Tech/M.E.,Male,Hostel,569,,,,,
702a804f-1f7b-44df-b5ce-5298cf7ad2d5,,"{""answers"": [{""type"": ""single_select"", ""answer"": ""sometimes"", ""answered_at"": 1773210253091, ""question_code"": ""Q1""}, {""type"": ""long_text"", ""answer"": ""Like just related to courses and she is a friend of my friend"", ""answered_at"": 1773210283213, ""question_code"": ""Q2""}, {""type"": ""single_select"", ""answer"": ""mutual_friend"", ""answered_at"": 1773210310468, ""question_code"": ""Q2A""}, {""type"": ""multi_select"", ""answer"": [""casual_moment""], ""answered_at"": 1773210387645, ""question_code"": ""Q2B""}, {""type"": ""single_select"", ""answer"": ""dont_remember"", ""answered_at"": 1773210392146, ""question_code"": ""Q2C""}, {""type"": ""scale"", ""answer"": 3, ""answered_at"": 1773210401621, ""question_code"": ""Q2D""}, {""type"": ""single_select"", ""answer"": ""yes"", ""answered_at"": 1773210404559, ""question_code"": ""Q4""}, {""type"": ""multi_select"", ""answer"": [""informal_casual"", ""small_groups"", ""shared_activities""], ""answered_at"": 1773210416285, ""question_code"": ""Q4A""}, {""type"": ""multi_select"", ""answer"": [""natural_start"", ""less_pressure"", ""common_ground""], ""answered_at"": 1773210439481, ""question_code"": ""Q4B""}, {""type"": ""single_select"", ""answer"": ""sometimes"", ""answered_at"": 1773210460383, ""question_code"": ""Q5""}, {""type"": ""multi_select"", ""answer"": [""people_in_groups"", ""dont_know_how_to_start"", ""worry_about_judgment"", ""too_formal"", ""no_reason_to_talk"", ""may_not_be_interested""], ""answered_at"": 1773210471291, ""question_code"": ""Q5A""}, {""type"": ""multi_select"", ""answer"": [""observe"", ""talk_only_if_needed"", ""stick_to_known_people"", ""use_phone_avoid""], ""answered_at"": 1773210479180, ""question_code"": ""Q5B""}, {""type"": ""multi_select"", ""answer"": [""shared_interest"", ""academic_reason"", ""mutual_friend"", ""networking""], ""answered_at"": 1773210558763, ""question_code"": ""Q6""}, {""type"": ""single_select"", ""answer"": ""observe_first"", ""answered_at"": 1773210566969, ""question_code"": ""Q7""}, {""type"": ""multi_select"", ""answer"": [""approachable"", ""open""], ""answered_at"": 1773210574393, ""question_code"": ""Q7D""}, {""type"": ""single_select"", ""answer"": ""group_activity"", ""answered_at"": 1773210580234, ""question_code"": ""Q8""}, {""type"": ""multi_select"", ""answer"": [""less_init_pressure"", ""observe_first""], ""answered_at"": 1773210585754, ""question_code"": ""Q8B""}, {""type"": ""single_select"", ""answer"": ""in_person"", ""answered_at"": 1773210593258, ""question_code"": ""Q9""}, {""type"": ""multi_select"", ""answer"": [""read_person"", ""natural""], ""answered_at"": 1773210602134, ""question_code"": ""Q9B""}], ""respondent_id"": ""anon_13covdnp1"", ""computed_profile"": {""scores"": {""digital_comfort"": 0, ""social_openness"": 70, ""initiation_confidence"": 42, ""low_pressure_preference"": 76, ""shared_context_reliance"": 60}, ""signals"": [{""id"": ""initiation_gap"", ""desc"": ""You have a high drive to meet people but find the first step challenging."", ""label"": ""Initiation Gap""}, {""id"": ""context_anchor"", ""desc"": ""Situational triggers (like classes or tasks) are your primary social bridge."", ""label"": ""Context Anchor""}, {""id"": ""safety_first"", ""desc"": ""You prioritize low-judgment, low-pressure environments for interaction."", ""label"": ""Safety Seeker""}, {""id"": ""patience_observer"", ""desc"": ""You prefer to read the room and let the social momentum build before engaging."", ""label"": ""Patient Observer""}], ""raw_points"": {""digital_comfort"": {""earned"": 0, ""possible_seen"": 7}, ""social_openness"": {""earned"": 7, ""possible_seen"": 10}, ""initiation_confidence"": {""earned"": 10, ""possible_seen"": 24}, ""low_pressure_preference"": {""earned"": 26, ""possible_seen"": 34}, ""shared_context_reliance"": {""earned"": 18, ""possible_seen"": 30}}, ""style_label"": ""Warm-Up Socializer"", ""primary_style"": ""warm_up_socializer"", ""style_description"": ""You tend to ease into new interactions rather than jumping in immediately. You may feel most comfortable when there’s time to observe, a shared context, or a lower-pressure environment.""}, ""survey_session_id"": ""sess_g9fio0oiq""}",2026-03-11 06:30:34.43686+00,21-22,4th_plus,B.Tech/B.E.,Female,Hostel,438,,,,,
721f4036-2d71-4df6-b7a1-9e7e42d366c0,,"{""answers"": [{""type"": ""single_select"", ""answer"": ""sometimes"", ""answered_at"": 1773220867736, ""question_code"": ""Q1""}, {""type"": ""long_text"", ""answer"": ""right now a person asked me to fill a form"", ""answered_at"": 1773220899280, ""question_code"": ""Q2""}, {""type"": ""single_select"", ""answer"": ""hostel_common_area"", ""answered_at"": 1773220907686, ""question_code"": ""Q2A""}, {""type"": ""multi_select"", ""answer"": [""academic_need""], ""answered_at"": 1773220910040, ""question_code"": ""Q2B""}, {""type"": ""single_select"", ""answer"": ""them"", ""answered_at"": 1773220913617, ""question_code"": ""Q2C""}, {""type"": ""scale"", ""answer"": 3, ""answered_at"": 1773220915765, ""question_code"": ""Q2D""}, {""type"": ""single_select"", ""answer"": ""sometimes"", ""answered_at"": 1773220923748, ""question_code"": ""Q4""}, {""type"": ""multi_select"", ""answer"": [""informal_casual"", ""someone_else_starts"", ""shared_activities"", ""small_groups""], ""answered_at"": 1773220934146, ""question_code"": ""Q4A""}, {""type"": ""multi_select"", ""answer"": [""shared_purpose"", ""common_ground"", ""small_group""], ""answered_at"": 1773220942412, ""question_code"": ""Q4B""}, {""type"": ""single_select"", ""answer"": ""sometimes"", ""answered_at"": 1773220962845, ""question_code"": ""Q5""}, {""type"": ""multi_select"", ""answer"": [""worry_about_judgment"", ""people_in_groups"", ""too_public""], ""answered_at"": 1773220989119, ""question_code"": ""Q5A""}, {""type"": ""multi_select"", ""answer"": [""stick_to_known_people"", ""use_phone_avoid""], ""answered_at"": 1773220998714, ""question_code"": ""Q5B""}, {""type"": ""multi_select"", ""answer"": [""shared_interest"", ""academic_reason""], ""answered_at"": 1773221005613, ""question_code"": ""Q6""}, {""type"": ""single_select"", ""answer"": ""wait_for_someone"", ""answered_at"": 1773221011885, ""question_code"": ""Q7""}, {""type"": ""multi_select"", ""answer"": [""no_ice""], ""answered_at"": 1773221022372, ""question_code"": ""Q7C""}, {""type"": ""single_select"", ""answer"": ""depends"", ""answered_at"": 1773221027743, ""question_code"": ""Q8""}, {""type"": ""multi_select"", ""answer"": [""friends""], ""answered_at"": 1773221031952, ""question_code"": ""Q8C""}, {""type"": ""single_select"", ""answer"": ""in_person"", ""answered_at"": 1773221040651, ""question_code"": ""Q9""}, {""type"": ""multi_select"", ""answer"": [""read_person""], ""answered_at"": 1773221073907, ""question_code"": ""Q9B""}, {""type"": ""long_text"", ""answer"": ""common interest groups"", ""answered_at"": 1773221147595, ""question_code"": ""Q10""}], ""respondent_id"": ""anon_htd8luz9b"", ""computed_profile"": {""scores"": {""digital_comfort"": 0, ""social_openness"": 55, ""initiation_confidence"": 26, ""low_pressure_preference"": 58, ""shared_context_reliance"": 69}, ""signals"": [{""id"": ""context_anchor"", ""desc"": ""Situational triggers (like classes or tasks) are your primary social bridge."", ""label"": ""Context Anchor""}, {""id"": ""patience_observer"", ""desc"": ""You prefer to read the room and let the social momentum build before engaging."", ""label"": ""Patient Observer""}], ""raw_points"": {""digital_comfort"": {""earned"": 0, ""possible_seen"": 7}, ""social_openness"": {""earned"": 6, ""possible_seen"": 11}, ""initiation_confidence"": {""earned"": 6, ""possible_seen"": 23}, ""low_pressure_preference"": {""earned"": 21, ""possible_seen"": 36}, ""shared_context_reliance"": {""earned"": 18, ""possible_seen"": 26}}, ""style_label"": ""Context-Based Connector"", ""primary_style"": ""context_based_connector"", ""style_description"": ""You seem to connect best when there’s a shared reason to interact, such as classes, activities, or common interests. Structured settings may make social interaction easier.""}, ""survey_session_id"": ""sess_fqmg51hch""}",2026-03-11 09:25:52.461669+00,18-20,2nd,B.Tech/B.E.,Male,Hostel,1174,4,true,true,,
739cc529-a79d-424b-b3ae-3fcd82152c6f,,"{""answers"": [{""type"": ""single_select"", ""answer"": ""yes"", ""answered_at"": 1773221693709, ""question_code"": ""Q1""}, {""type"": ""long_text"", ""answer"": ""Last time I spoke to a new person in the campus gym."", ""answered_at"": 1773221802970, ""question_code"": ""Q2""}, {""type"": ""single_select"", ""answer"": ""other"", ""answered_at"": 1773221812944, ""question_code"": ""Q2A""}, {""type"": ""multi_select"", ""answer"": [""they_approached"", ""shared_task""], ""answered_at"": 1773221832632, ""question_code"": ""Q2B""}, {""type"": ""single_select"", ""answer"": ""them"", ""answered_at"": 1773221838173, ""question_code"": ""Q2C""}, {""type"": ""scale"", ""answer"": 5, ""answered_at"": 1773221844764, ""question_code"": ""Q2D""}, {""type"": ""multi_select"", ""answer"": [""natural"", ""topic""], ""answered_at"": 1773221851687, ""question_code"": ""Q2F""}, {""type"": ""single_select"", ""answer"": ""yes"", ""answered_at"": 1773221858694, ""question_code"": ""Q4""}, {""type"": ""multi_select"", ""answer"": [""small_groups"", ""informal_casual"", ""common_interest""], ""answered_at"": 1773221880995, ""question_code"": ""Q4A""}, {""type"": ""multi_select"", ""answer"": [""shared_purpose"", ""less_pressure"", ""small_group""], ""answered_at"": 1773221892195, ""question_code"": ""Q4B""}, {""type"": ""single_select"", ""answer"": ""sometimes"", ""answered_at"": 1773221903377, ""question_code"": ""Q5""}, {""type"": ""multi_select"", ""answer"": [""other""], ""answered_at"": 1773221962323, ""question_code"": ""Q5A""}, {""type"": ""multi_select"", ""answer"": [""leave""], ""answered_at"": 1773221978117, ""question_code"": ""Q5B""}, {""type"": ""multi_select"", ""answer"": [""shared_interest"", ""approachable""], ""answered_at"": 1773222005593, ""question_code"": ""Q6""}, {""type"": ""single_select"", ""answer"": ""clear_reason"", ""answered_at"": 1773222026796, ""question_code"": ""Q7""}, {""type"": ""multi_select"", ""answer"": [""task_help"", ""shared_obs""], ""answered_at"": 1773222038893, ""question_code"": ""Q7B""}, {""type"": ""single_select"", ""answer"": ""one_on_one"", ""answered_at"": 1773222070038, ""question_code"": ""Q8""}, {""type"": ""multi_select"", ""answer"": [""noise"", ""depth""], ""answered_at"": 1773222079087, ""question_code"": ""Q8A""}, {""type"": ""single_select"", ""answer"": ""both_similar"", ""answered_at"": 1773222099029, ""question_code"": ""Q9""}, {""type"": ""multi_select"", ""answer"": [""natural_flow""], ""answered_at"": 1773222116353, ""question_code"": ""Q9C""}, {""type"": ""long_text"", ""answer"": ""You can find new people whenever you try something new like going to the gym, playing sports, joining clubs, attending events, or even just spending time in common areas."", ""answered_at"": 1773222372004, ""question_code"": ""Q10""}], ""respondent_id"": ""anon_4u6eruztk"", ""computed_profile"": {""scores"": {""digital_comfort"": 29, ""social_openness"": 91, ""initiation_confidence"": 43, ""low_pressure_preference"": 53, ""shared_context_reliance"": 43}, ""signals"": [{""id"": ""initiation_gap"", ""desc"": ""You have a high drive to meet people but find the first step challenging."", ""label"": ""Initiation Gap""}, {""id"": ""depth_seeker"", ""desc"": ""You excel in 1-on-1 settings where you can build deeper individual connections."", ""label"": ""Depth Seeker""}], ""raw_points"": {""digital_comfort"": {""earned"": 2, ""possible_seen"": 7}, ""social_openness"": {""earned"": 10, ""possible_seen"": 11}, ""initiation_confidence"": {""earned"": 10, ""possible_seen"": 23}, ""low_pressure_preference"": {""earned"": 18, ""possible_seen"": 34}, ""shared_context_reliance"": {""earned"": 12, ""possible_seen"": 28}}, ""style_label"": ""Balanced Navigator"", ""primary_style"": ""balanced_navigator"", ""style_description"": ""You read the room and move with it, adapting your social approach to the specific context and people around you.""}, ""survey_session_id"": ""sess_wu69d3vac""}",2026-03-11 09:46:17.671336+00,23-24,2nd,M.Tech/M.E.,Male,Hostel,726,,,,,
76c6cde1-bde8-4185-82a5-20e8bf0eb191,,"{""answers"": [{""type"": ""single_select"", ""answer"": ""yes"", ""answered_at"": 1773216499243, ""question_code"": ""Q1""}, {""type"": ""long_text"", ""answer"": ""Talked to the person sitting next to me in class"", ""answered_at"": 1773216522244, ""question_code"": ""Q2""}, {""type"": ""single_select"", ""answer"": ""class"", ""answered_at"": 1773216525093, ""question_code"": ""Q2A""}, {""type"": ""multi_select"", ""answer"": [""academic_need""], ""answered_at"": 1773216529310, ""question_code"": ""Q2B""}, {""type"": ""single_select"", ""answer"": ""me"", ""answered_at"": 1773216531580, ""question_code"": ""Q2C""}, {""type"": ""scale"", ""answer"": 4, ""answered_at"": 1773216534385, ""question_code"": ""Q2D""}, {""type"": ""multi_select"", ""answer"": [""friendly""], ""answered_at"": 1773216537091, ""question_code"": ""Q2F""}, {""type"": ""single_select"", ""answer"": ""sometimes"", ""answered_at"": 1773216541708, ""question_code"": ""Q4""}, {""type"": ""multi_select"", ""answer"": [""informal_casual""], ""answered_at"": 1773216545036, ""question_code"": ""Q4A""}, {""type"": ""multi_select"", ""answer"": [""natural_start""], ""answered_at"": 1773216548723, ""question_code"": ""Q4B""}, {""type"": ""single_select"", ""answer"": ""yes"", ""answered_at"": 1773216555704, ""question_code"": ""Q5""}, {""type"": ""multi_select"", ""answer"": [""dont_know_how_to_start""], ""answered_at"": 1773216562207, ""question_code"": ""Q5A""}, {""type"": ""multi_select"", ""answer"": [""use_phone_avoid""], ""answered_at"": 1773216571003, ""question_code"": ""Q5B""}, {""type"": ""multi_select"", ""answer"": [""academic_reason"", ""mutual_friend"", ""shared_interest"", ""approachable""], ""answered_at"": 1773216582626, ""question_code"": ""Q6""}, {""type"": ""single_select"", ""answer"": ""clear_reason"", ""answered_at"": 1773216594889, ""question_code"": ""Q7""}, {""type"": ""multi_select"", ""answer"": [""mutual_friend"", ""shared_obs"", ""task_help""], ""answered_at"": 1773216609612, ""question_code"": ""Q7B""}, {""type"": ""single_select"", ""answer"": ""depends"", ""answered_at"": 1773216616609, ""question_code"": ""Q8""}, {""type"": ""multi_select"", ""answer"": [""friends""], ""answered_at"": 1773216622635, ""question_code"": ""Q8C""}, {""type"": ""single_select"", ""answer"": ""in_person"", ""answered_at"": 1773216625550, ""question_code"": ""Q9""}, {""type"": ""multi_select"", ""answer"": [""natural"", ""genuine""], ""answered_at"": 1773216638770, ""question_code"": ""Q9B""}, {""type"": ""long_text"", ""answer"": """", ""answered_at"": 1773216668019, ""question_code"": ""Q10""}], ""respondent_id"": ""anon_jzmyjryat"", ""computed_profile"": {""scores"": {""digital_comfort"": 0, ""social_openness"": 91, ""initiation_confidence"": 52, ""low_pressure_preference"": 27, ""shared_context_reliance"": 48}, ""signals"": [], ""raw_points"": {""digital_comfort"": {""earned"": 0, ""possible_seen"": 7}, ""social_openness"": {""earned"": 10, ""possible_seen"": 11}, ""initiation_confidence"": {""earned"": 12, ""possible_seen"": 23}, ""low_pressure_preference"": {""earned"": 9, ""possible_seen"": 33}, ""shared_context_reliance"": {""earned"": 14, ""possible_seen"": 29}}, ""style_label"": ""Balanced Navigator"", ""primary_style"": ""balanced_navigator"", ""style_description"": ""You read the room and move with it, adapting your social approach to the specific context and people around you.""}, ""survey_session_id"": ""sess_nfuicsiso""}",2026-03-11 08:11:26.452248+00,21-22,4th_plus,B.Tech/B.E.,Male,Hostel,234,4,true,true,,
79605c2c-53fb-4814-847e-c3f7a0638bb6,,"{""answers"": [{""type"": ""single_select"", ""answer"": ""sometimes"", ""answered_at"": 1773198117096, ""question_code"": ""Q1""}, {""type"": ""long_text"", ""answer"": ""A lady asked me to help her out with the cafeteria locations on campus. We had a brief conversation after that."", ""answered_at"": 1773198163916, ""question_code"": ""Q2""}, {""type"": ""single_select"", ""answer"": ""hostel_common_area"", ""answered_at"": 1773198179871, ""question_code"": ""Q2A""}, {""type"": ""multi_select"", ""answer"": [""casual_moment"", ""they_approached""], ""answered_at"": 1773198192989, ""question_code"": ""Q2B""}, {""type"": ""single_select"", ""answer"": ""them"", ""answered_at"": 1773198196831, ""question_code"": ""Q2C""}, {""type"": ""scale"", ""answer"": 5, ""answered_at"": 1773198200950, ""question_code"": ""Q2D""}, {""type"": ""long_text"", ""answer"": ""The topic "", ""answered_at"": 1773198214915, ""question_code"": ""Q2F""}, {""type"": ""single_select"", ""answer"": ""sometimes"", ""answered_at"": 1773198223343, ""question_code"": ""Q4""}, {""type"": ""multi_select"", ""answer"": [""informal_casual"", ""online_interactions""], ""answered_at"": 1773198235293, ""question_code"": ""Q4A""}, {""type"": ""long_text"", ""answer"": ""Easier to initiate conversations"", ""answered_at"": 1773198261022, ""question_code"": ""Q4B""}, {""type"": ""single_select"", ""answer"": ""sometimes"", ""answered_at"": 1773198269108, ""question_code"": ""Q5""}, {""type"": ""multi_select"", ""answer"": [""no_reason_to_talk"", ""may_not_be_interested""], ""answered_at"": 1773198309364, ""question_code"": ""Q5A""}, {""type"": ""multi_select"", ""answer"": [""talk_only_if_needed""], ""answered_at"": 1773198323528, ""question_code"": ""Q5B""}, {""type"": ""multi_select"", ""answer"": [""shared_interest"", ""academic_reason"", ""networking""], ""answered_at"": 1773198335441, ""question_code"": ""Q6""}, {""type"": ""single_select"", ""answer"": ""observe_first"", ""answered_at"": 1773198344438, ""question_code"": ""Q7""}, {""type"": ""long_text"", ""answer"": ""Shared interest"", ""answered_at"": 1773198365474, ""question_code"": ""Q7D""}, {""type"": ""single_select"", ""answer"": ""group_activity"", ""answered_at"": 1773198369804, ""question_code"": ""Q8""}, {""type"": ""long_text"", ""answer"": ""Multiple inputs and conversations together"", ""answered_at"": 1773198384651, ""question_code"": ""Q8B""}, {""type"": ""single_select"", ""answer"": ""both_similar"", ""answered_at"": 1773198389620, ""question_code"": ""Q9""}, {""type"": ""long_text"", ""answer"": ""Debates are better in online and general conversations offline"", ""answered_at"": 1773198427501, ""question_code"": ""Q9C""}, {""type"": ""long_text"", ""answer"": ""More networking activities, events where there are grouped together in random groups, etc"", ""answered_at"": 1773198477012, ""question_code"": ""Q10""}], ""respondent_id"": ""anon_ixcsdg35g"", ""computed_profile"": {""scores"": {""digital_comfort"": 71, ""social_openness"": 70, ""initiation_confidence"": 45, ""low_pressure_preference"": 43, ""shared_context_reliance"": 59}, ""signals"": [{""id"": ""initiation_gap"", ""desc"": ""You have a high drive to meet people but find the first step challenging."", ""label"": ""Initiation Gap""}, {""id"": ""context_anchor"", ""desc"": ""Situational triggers (like classes or tasks) are your primary social bridge."", ""label"": ""Context Anchor""}, {""id"": ""digital_first"", ""desc"": ""You feel significantly more comfortable building initial bridges online."", ""label"": ""Digital First""}, {""id"": ""patience_observer"", ""desc"": ""You prefer to read the room and let the social momentum build before engaging."", ""label"": ""Patient Observer""}], ""raw_points"": {""digital_comfort"": {""earned"": 5, ""possible_seen"": 7}, ""social_openness"": {""earned"": 7, ""possible_seen"": 10}, ""initiation_confidence"": {""earned"": 10, ""possible_seen"": 22}, ""low_pressure_preference"": {""earned"": 12, ""possible_seen"": 28}, ""shared_context_reliance"": {""earned"": 13, ""possible_seen"": 22}}, ""style_label"": ""Context-Based Connector"", ""primary_style"": ""context_based_connector"", ""style_description"": ""You seem to connect best when there’s a shared reason to interact, such as classes, activities, or common interests. Structured settings may make social interaction easier.""}, ""survey_session_id"": ""sess_2r2n3yu40""}",2026-03-11 03:08:02.258003+00,21-22,1st,MBA/MCA,Female,Day Scholar,414,5,true,,,
7b9d9700-c087-4132-b4d4-07270705197f,,"{""answers"": [{""type"": ""single_select"", ""answer"": ""yes"", ""answered_at"": 1773221068764, ""question_code"": ""Q1""}, {""type"": ""long_text"", ""answer"": ""Just yesterday! I knew they existed, but yesterday was the first time I talked to them - I discovered we had a lot in common"", ""answered_at"": 1773221111620, ""question_code"": ""Q2""}, {""type"": ""single_select"", ""answer"": ""hostel_common_area"", ""answered_at"": 1773221118372, ""question_code"": ""Q2A""}, {""type"": ""multi_select"", ""answer"": [""casual_moment""], ""answered_at"": 1773221128414, ""question_code"": ""Q2B""}, {""type"": ""single_select"", ""answer"": ""me"", ""answered_at"": 1773221130528, ""question_code"": ""Q2C""}, {""type"": ""scale"", ""answer"": 3, ""answered_at"": 1773221134337, ""question_code"": ""Q2D""}, {""type"": ""single_select"", ""answer"": ""yes"", ""answered_at"": 1773221136852, ""question_code"": ""Q4""}, {""type"": ""multi_select"", ""answer"": [""informal_casual""], ""answered_at"": 1773221140518, ""question_code"": ""Q4A""}, {""type"": ""multi_select"", ""answer"": [""natural_start"", ""less_pressure"", ""common_ground"", ""small_group""], ""answered_at"": 1773221148645, ""question_code"": ""Q4B""}, {""type"": ""single_select"", ""answer"": ""sometimes"", ""answered_at"": 1773221151495, ""question_code"": ""Q5""}, {""type"": ""multi_select"", ""answer"": [""people_in_groups"", ""too_formal"", ""may_not_be_interested""], ""answered_at"": 1773221158348, ""question_code"": ""Q5A""}, {""type"": ""multi_select"", ""answer"": [""observe"", ""stick_to_known_people""], ""answered_at"": 1773221165008, ""question_code"": ""Q5B""}, {""type"": ""multi_select"", ""answer"": [""curiosity"", ""approachable"", ""shared_interest""], ""answered_at"": 1773221178241, ""question_code"": ""Q6""}, {""type"": ""single_select"", ""answer"": ""start_quickly"", ""answered_at"": 1773221184592, ""question_code"": ""Q7""}, {""type"": ""multi_select"", ""answer"": [""approachable"", ""natural""], ""answered_at"": 1773221285782, ""question_code"": ""Q7A""}, {""type"": ""single_select"", ""answer"": ""depends"", ""answered_at"": 1773221292539, ""question_code"": ""Q8""}, {""type"": ""multi_select"", ""answer"": [""mood"", ""size"", ""friends""], ""answered_at"": 1773221297585, ""question_code"": ""Q8C""}, {""type"": ""single_select"", ""answer"": ""in_person"", ""answered_at"": 1773221300946, ""question_code"": ""Q9""}, {""type"": ""multi_select"", ""answer"": [""natural"", ""flow""], ""answered_at"": 1773221305684, ""question_code"": ""Q9B""}], ""respondent_id"": ""anon_dps4k07b1"", ""computed_profile"": {""scores"": {""digital_comfort"": 0, ""social_openness"": 100, ""initiation_confidence"": 70, ""low_pressure_preference"": 58, ""shared_context_reliance"": 38}, ""signals"": [], ""raw_points"": {""digital_comfort"": {""earned"": 0, ""possible_seen"": 7}, ""social_openness"": {""earned"": 10, ""possible_seen"": 10}, ""initiation_confidence"": {""earned"": 19, ""possible_seen"": 27}, ""low_pressure_preference"": {""earned"": 19, ""possible_seen"": 33}, ""shared_context_reliance"": {""earned"": 10, ""possible_seen"": 26}}, ""style_label"": ""Direct Initiator"", ""primary_style"": ""direct_initiator"", ""style_description"": ""You seem comfortable taking the first step in social situations. You may find it easier than most people to begin conversations and build momentum quickly.""}, ""survey_session_id"": ""sess_nrlx2mzex""}",2026-03-11 09:39:14.849985+00,18-20,2nd,B.Tech/B.E.,Male,Hostel,919,4,true,true,,
80bb8066-5ca2-4ae6-94b5-17a9f52748c6,,"{""answers"": [{""type"": ""single_select"", ""answer"": ""sometimes"", ""answered_at"": 1773219980223, ""question_code"": ""Q1""}, {""type"": ""long_text"", ""answer"": ""It was just during some college event, where we talked about the actual event happening. Tbh this is usually how it happens "", ""answered_at"": 1773220049427, ""question_code"": ""Q2""}, {""type"": ""single_select"", ""answer"": ""event"", ""answered_at"": 1773220056750, ""question_code"": ""Q2A""}, {""type"": ""multi_select"", ""answer"": [""casual_moment""], ""answered_at"": 1773220067351, ""question_code"": ""Q2B""}, {""type"": ""single_select"", ""answer"": ""me"", ""answered_at"": 1773220070461, ""question_code"": ""Q2C""}, {""type"": ""scale"", ""answer"": 4, ""answered_at"": 1773220073446, ""question_code"": ""Q2D""}, {""type"": ""multi_select"", ""answer"": [""natural""], ""answered_at"": 1773220076578, ""question_code"": ""Q2F""}, {""type"": ""single_select"", ""answer"": ""yes"", ""answered_at"": 1773220091856, ""question_code"": ""Q4""}, {""type"": ""multi_select"", ""answer"": [""shared_activities"", ""common_interest"", ""small_groups"", ""one_on_one"", ""informal_casual"", ""someone_else_starts""], ""answered_at"": 1773220107159, ""question_code"": ""Q4A""}, {""type"": ""multi_select"", ""answer"": [""natural_start""], ""answered_at"": 1773220118910, ""question_code"": ""Q4B""}, {""type"": ""single_select"", ""answer"": ""yes"", ""answered_at"": 1773220130229, ""question_code"": ""Q5""}, {""type"": ""multi_select"", ""answer"": [""people_in_groups"", ""no_reason_to_talk"", ""too_formal""], ""answered_at"": 1773220138404, ""question_code"": ""Q5A""}, {""type"": ""multi_select"", ""answer"": [""stick_to_known_people"", ""use_phone_avoid""], ""answered_at"": 1773220173508, ""question_code"": ""Q5B""}, {""type"": ""multi_select"", ""answer"": [""academic_reason"", ""shared_interest"", ""mutual_friend"", ""group_activity"", ""curiosity""], ""answered_at"": 1773220188358, ""question_code"": ""Q6""}, {""type"": ""single_select"", ""answer"": ""observe_first"", ""answered_at"": 1773220211264, ""question_code"": ""Q7""}, {""type"": ""multi_select"", ""answer"": [""approachable"", ""natural""], ""answered_at"": 1773220220896, ""question_code"": ""Q7D""}, {""type"": ""single_select"", ""answer"": ""depends"", ""answered_at"": 1773220231037, ""question_code"": ""Q8""}, {""type"": ""multi_select"", ""answer"": [""friends"", ""size""], ""answered_at"": 1773220246141, ""question_code"": ""Q8C""}, {""type"": ""single_select"", ""answer"": ""in_person"", ""answered_at"": 1773220260112, ""question_code"": ""Q9""}, {""type"": ""multi_select"", ""answer"": [""natural"", ""read_person"", ""genuine""], ""answered_at"": 1773220360871, ""question_code"": ""Q9B""}, {""type"": ""long_text"", ""answer"": ""Honestly, it’s pretty hard on the daily to make students connect more easily, cause we tend to stick to our groups regardless of the situation. I feel like a good way would be to probably start some sort of event which is genuinely fun and engaging that would force interactions outside your own group. "", ""answered_at"": 1773220491658, ""question_code"": ""Q10""}], ""respondent_id"": ""anon_9mx8dr7ag"", ""computed_profile"": {""scores"": {""digital_comfort"": 0, ""social_openness"": 70, ""initiation_confidence"": 48, ""low_pressure_preference"": 56, ""shared_context_reliance"": 55}, ""signals"": [{""id"": ""initiation_gap"", ""desc"": ""You have a high drive to meet people but find the first step challenging."", ""label"": ""Initiation Gap""}, {""id"": ""patience_observer"", ""desc"": ""You prefer to read the room and let the social momentum build before engaging."", ""label"": ""Patient Observer""}], ""raw_points"": {""digital_comfort"": {""earned"": 0, ""possible_seen"": 7}, ""social_openness"": {""earned"": 7, ""possible_seen"": 10}, ""initiation_confidence"": {""earned"": 11, ""possible_seen"": 23}, ""low_pressure_preference"": {""earned"": 19, ""possible_seen"": 34}, ""shared_context_reliance"": {""earned"": 16, ""possible_seen"": 29}}, ""style_label"": ""Context-Based Connector"", ""primary_style"": ""context_based_connector"", ""style_description"": ""You seem to connect best when there’s a shared reason to interact, such as classes, activities, or common interests. Structured settings may make social interaction easier.""}, ""survey_session_id"": ""sess_f1data38c""}",2026-03-11 09:15:06.209987+00,18-20,2nd,B.Tech/B.E.,Male,Hostel,553,4,true,true,,
873d735b-184e-4b03-aa3c-4187df996f54,,"{""answers"": [{""type"": ""single_select"", ""answer"": ""sometimes"", ""answered_at"": 1773221623375, ""question_code"": ""Q1""}, {""type"": ""long_text"", ""answer"": ""It was during the fest, it was nice to hangout w people from my campus"", ""answered_at"": 1773221644621, ""question_code"": ""Q2""}, {""type"": ""single_select"", ""answer"": ""event"", ""answered_at"": 1773221648364, ""question_code"": ""Q2A""}, {""type"": ""multi_select"", ""answer"": [""casual_moment""], ""answered_at"": 1773221655461, ""question_code"": ""Q2B""}, {""type"": ""single_select"", ""answer"": ""both_naturally"", ""answered_at"": 1773221658174, ""question_code"": ""Q2C""}, {""type"": ""scale"", ""answer"": 4, ""answered_at"": 1773221660111, ""question_code"": ""Q2D""}, {""type"": ""multi_select"", ""answer"": [""natural"", ""topic""], ""answered_at"": 1773221664976, ""question_code"": ""Q2F""}, {""type"": ""single_select"", ""answer"": ""yes"", ""answered_at"": 1773221737039, ""question_code"": ""Q4""}, {""type"": ""multi_select"", ""answer"": [""shared_activities"", ""small_groups"", ""informal_casual"", ""online_interactions""], ""answered_at"": 1773221742655, ""question_code"": ""Q4A""}, {""type"": ""multi_select"", ""answer"": [""shared_purpose"", ""natural_start"", ""less_pressure""], ""answered_at"": 1773221765641, ""question_code"": ""Q4B""}, {""type"": ""single_select"", ""answer"": ""sometimes"", ""answered_at"": 1773221781878, ""question_code"": ""Q5""}, {""type"": ""multi_select"", ""answer"": [""people_in_groups""], ""answered_at"": 1773221784740, ""question_code"": ""Q5A""}, {""type"": ""multi_select"", ""answer"": [""wait_for_someone""], ""answered_at"": 1773221790909, ""question_code"": ""Q5B""}, {""type"": ""multi_select"", ""answer"": [""curiosity""], ""answered_at"": 1773221793526, ""question_code"": ""Q6""}, {""type"": ""single_select"", ""answer"": ""start_quickly"", ""answered_at"": 1773221796329, ""question_code"": ""Q7""}, {""type"": ""multi_select"", ""answer"": [""experience"", ""natural""], ""answered_at"": 1773221799160, ""question_code"": ""Q7A""}, {""type"": ""single_select"", ""answer"": ""group_activity"", ""answered_at"": 1773221801279, ""question_code"": ""Q8""}, {""type"": ""multi_select"", ""answer"": [""task_natural"", ""less_init_pressure"", ""observe_first""], ""answered_at"": 1773221805228, ""question_code"": ""Q8B""}, {""type"": ""single_select"", ""answer"": ""online"", ""answered_at"": 1773221809029, ""question_code"": ""Q9""}, {""type"": ""multi_select"", ""answer"": [""less_pressure""], ""answered_at"": 1773221811263, ""question_code"": ""Q9A""}, {""type"": ""long_text"", ""answer"": ""more informal events "", ""answered_at"": 1773221825218, ""question_code"": ""Q10""}], ""respondent_id"": ""anon_qzylzc9p7"", ""computed_profile"": {""scores"": {""digital_comfort"": 75, ""social_openness"": 80, ""initiation_confidence"": 68, ""low_pressure_preference"": 53, ""shared_context_reliance"": 56}, ""signals"": [{""id"": ""context_anchor"", ""desc"": ""Situational triggers (like classes or tasks) are your primary social bridge."", ""label"": ""Context Anchor""}, {""id"": ""digital_first"", ""desc"": ""You feel significantly more comfortable building initial bridges online."", ""label"": ""Digital First""}], ""raw_points"": {""digital_comfort"": {""earned"": 9, ""possible_seen"": 12}, ""social_openness"": {""earned"": 8, ""possible_seen"": 10}, ""initiation_confidence"": {""earned"": 19, ""possible_seen"": 28}, ""low_pressure_preference"": {""earned"": 20, ""possible_seen"": 38}, ""shared_context_reliance"": {""earned"": 15, ""possible_seen"": 27}}, ""style_label"": ""Direct Initiator"", ""primary_style"": ""direct_initiator"", ""style_description"": ""You seem comfortable taking the first step in social situations. You may find it easier than most people to begin conversations and build momentum quickly.""}, ""survey_session_id"": ""sess_bxh4pc7gh""}",2026-03-11 09:37:08.586052+00,18-20,2nd,B.Tech/B.E.,Female,Hostel,224,2,true,true,,
897fb7a7-5f0a-46ef-8022-a86f9399283b,,"{""answers"": [{""type"": ""single_select"", ""answer"": ""sometimes"", ""answered_at"": 1773221352539, ""question_code"": ""Q1""}, {""type"": ""long_text"", ""answer"": ""Randomly talked someone in mess as we both were supporting same football club "", ""answered_at"": 1773221379129, ""question_code"": ""Q2""}, {""type"": ""single_select"", ""answer"": ""hostel_common_area"", ""answered_at"": 1773221385910, ""question_code"": ""Q2A""}, {""type"": ""multi_select"", ""answer"": [""shared_interest"", ""they_approached""], ""answered_at"": 1773221394763, ""question_code"": ""Q2B""}, {""type"": ""single_select"", ""answer"": ""both_naturally"", ""answered_at"": 1773221403146, ""question_code"": ""Q2C""}, {""type"": ""scale"", ""answer"": 4, ""answered_at"": 1773221406957, ""question_code"": ""Q2D""}, {""type"": ""multi_select"", ""answer"": [""other""], ""answered_at"": 1773221412402, ""question_code"": ""Q2F""}, {""type"": ""single_select"", ""answer"": ""yes"", ""answered_at"": 1773221419204, ""question_code"": ""Q4""}, {""type"": ""multi_select"", ""answer"": [""common_interest""], ""answered_at"": 1773221428667, ""question_code"": ""Q4A""}, {""type"": ""multi_select"", ""answer"": [""common_ground"", ""natural_start""], ""answered_at"": 1773221436748, ""question_code"": ""Q4B""}, {""type"": ""single_select"", ""answer"": ""no"", ""answered_at"": 1773221444887, ""question_code"": ""Q5""}, {""type"": ""multi_select"", ""answer"": [""shared_interest"", ""mutual_friend"", ""group_activity"", ""approachable""], ""answered_at"": 1773221456926, ""question_code"": ""Q6""}, {""type"": ""single_select"", ""answer"": ""clear_reason"", ""answered_at"": 1773221470090, ""question_code"": ""Q7""}, {""type"": ""multi_select"", ""answer"": [""shared_obs""], ""answered_at"": 1773221502216, ""question_code"": ""Q7B""}, {""type"": ""single_select"", ""answer"": ""group_activity"", ""answered_at"": 1773221512423, ""question_code"": ""Q8""}, {""type"": ""multi_select"", ""answer"": [""observe_first"", ""task_natural"", ""organic""], ""answered_at"": 1773221520513, ""question_code"": ""Q8B""}, {""type"": ""single_select"", ""answer"": ""in_person"", ""answered_at"": 1773221526623, ""question_code"": ""Q9""}, {""type"": ""multi_select"", ""answer"": [""genuine"", ""read_person""], ""answered_at"": 1773221534418, ""question_code"": ""Q9B""}], ""respondent_id"": ""anon_7eoa0l5ix"", ""computed_profile"": {""scores"": {""digital_comfort"": 0, ""social_openness"": 82, ""initiation_confidence"": 64, ""low_pressure_preference"": 8, ""shared_context_reliance"": 59}, ""signals"": [{""id"": ""context_anchor"", ""desc"": ""Situational triggers (like classes or tasks) are your primary social bridge."", ""label"": ""Context Anchor""}], ""raw_points"": {""digital_comfort"": {""earned"": 0, ""possible_seen"": 7}, ""social_openness"": {""earned"": 9, ""possible_seen"": 11}, ""initiation_confidence"": {""earned"": 14, ""possible_seen"": 22}, ""low_pressure_preference"": {""earned"": 2, ""possible_seen"": 24}, ""shared_context_reliance"": {""earned"": 16, ""possible_seen"": 27}}, ""style_label"": ""Direct Initiator"", ""primary_style"": ""direct_initiator"", ""style_description"": ""You seem comfortable taking the first step in social situations. You may find it easier than most people to begin conversations and build momentum quickly.""}, ""survey_session_id"": ""sess_lpjt3hicp""}",2026-03-11 09:32:21.794115+00,23-24,1st,M.Tech/M.E.,Male,Hostel,240,4,true,true,,
97401925-3eec-47a2-87a9-514ee46d0173,,"{""answers"": [{""type"": ""single_select"", ""answer"": ""prefer_known_people"", ""answered_at"": 1773220937399, ""question_code"": ""Q1""}, {""type"": ""long_text"", ""answer"": ""I met new people recently on start aid event in our college, and usually my interaction is very high when we participate in events and get to know different ideas and perspectives."", ""answered_at"": 1773221046837, ""question_code"": ""Q2""}, {""type"": ""single_select"", ""answer"": ""event"", ""answered_at"": 1773221053219, ""question_code"": ""Q2A""}, {""type"": ""multi_select"", ""answer"": [""shared_task"", ""shared_interest"", ""casual_moment""], ""answered_at"": 1773221077405, ""question_code"": ""Q2B""}, {""type"": ""single_select"", ""answer"": ""me"", ""answered_at"": 1773221085207, ""question_code"": ""Q2C""}, {""type"": ""scale"", ""answer"": 4, ""answered_at"": 1773221090116, ""question_code"": ""Q2D""}, {""type"": ""multi_select"", ""answer"": [""natural"", ""topic""], ""answered_at"": 1773221097697, ""question_code"": ""Q2F""}, {""type"": ""single_select"", ""answer"": ""yes"", ""answered_at"": 1773221128799, ""question_code"": ""Q4""}, {""type"": ""multi_select"", ""answer"": [""small_groups"", ""informal_casual"", ""common_interest"", ""shared_activities""], ""answered_at"": 1773221142346, ""question_code"": ""Q4A""}, {""type"": ""multi_select"", ""answer"": [""common_ground"", ""shared_purpose"", ""natural_start""], ""answered_at"": 1773221153730, ""question_code"": ""Q4B""}, {""type"": ""single_select"", ""answer"": ""sometimes"", ""answered_at"": 1773221164513, ""question_code"": ""Q5""}, {""type"": ""multi_select"", ""answer"": [""people_in_groups"", ""no_reason_to_talk""], ""answered_at"": 1773221173048, ""question_code"": ""Q5A""}, {""type"": ""multi_select"", ""answer"": [""stick_to_known_people"", ""use_phone_avoid"", ""talk_only_if_needed""], ""answered_at"": 1773221195379, ""question_code"": ""Q5B""}, {""type"": ""multi_select"", ""answer"": [""academic_reason"", ""shared_interest"", ""mutual_friend"", ""networking"", ""group_activity""], ""answered_at"": 1773221223691, ""question_code"": ""Q6""}, {""type"": ""single_select"", ""answer"": ""observe_first"", ""answered_at"": 1773221261462, ""question_code"": ""Q7""}, {""type"": ""multi_select"", ""answer"": [""common_interest"", ""reason"", ""natural""], ""answered_at"": 1773221274396, ""question_code"": ""Q7D""}, {""type"": ""single_select"", ""answer"": ""depends"", ""answered_at"": 1773221284595, ""question_code"": ""Q8""}, {""type"": ""multi_select"", ""answer"": [""friends""], ""answered_at"": 1773221295810, ""question_code"": ""Q8C""}, {""type"": ""single_select"", ""answer"": ""online"", ""answered_at"": 1773221300849, ""question_code"": ""Q9""}, {""type"": ""multi_select"", ""answer"": [""less_judgment"", ""more_time""], ""answered_at"": 1773221312461, ""question_code"": ""Q9A""}, {""type"": ""long_text"", ""answer"": ""Batch vs batch events like the night cricket or freshers where UG1 performed with the guidance of seniors. This made us more comfortable around our batchmates as well as seniors to interact with."", ""answered_at"": 1773221437977, ""question_code"": ""Q10""}], ""respondent_id"": ""anon_38y3f3u7u"", ""computed_profile"": {""scores"": {""digital_comfort"": 67, ""social_openness"": 60, ""initiation_confidence"": 52, ""low_pressure_preference"": 56, ""shared_context_reliance"": 86}, ""signals"": [{""id"": ""context_anchor"", ""desc"": ""Situational triggers (like classes or tasks) are your primary social bridge."", ""label"": ""Context Anchor""}, {""id"": ""digital_first"", ""desc"": ""You feel significantly more comfortable building initial bridges online."", ""label"": ""Digital First""}, {""id"": ""patience_observer"", ""desc"": ""You prefer to read the room and let the social momentum build before engaging."", ""label"": ""Patient Observer""}], ""raw_points"": {""digital_comfort"": {""earned"": 8, ""possible_seen"": 12}, ""social_openness"": {""earned"": 6, ""possible_seen"": 10}, ""initiation_confidence"": {""earned"": 12, ""possible_seen"": 23}, ""low_pressure_preference"": {""earned"": 22, ""possible_seen"": 39}, ""shared_context_reliance"": {""earned"": 25, ""possible_seen"": 29}}, ""style_label"": ""Context-Based Connector"", ""primary_style"": ""context_based_connector"", ""style_description"": ""You seem to connect best when there’s a shared reason to interact, such as classes, activities, or common interests. Structured settings may make social interaction easier.""}, ""survey_session_id"": ""sess_0iwvubpql""}",2026-03-11 09:30:43.274494+00,18-20,1st,B.Tech/B.E.,Female,Hostel,563,4,true,true,,
9aef151f-3c9b-4666-9ca0-61dc1687be34,,"{""answers"": [{""type"": ""single_select"", ""answer"": ""sometimes"", ""answered_at"": 1773221752418, ""question_code"": ""Q1""}, {""type"": ""long_text"", ""answer"": ""In the mess I was having my meal and one of my friend came with his friend then he introduce us and we started talking."", ""answered_at"": 1773221809464, ""question_code"": ""Q2""}, {""type"": ""single_select"", ""answer"": ""mutual_friend"", ""answered_at"": 1773221814449, ""question_code"": ""Q2A""}, {""type"": ""multi_select"", ""answer"": [""mutual_friend_introduced""], ""answered_at"": 1773221822391, ""question_code"": ""Q2B""}, {""type"": ""single_select"", ""answer"": ""both_naturally"", ""answered_at"": 1773221826860, ""question_code"": ""Q2C""}, {""type"": ""scale"", ""answer"": 5, ""answered_at"": 1773221830750, ""question_code"": ""Q2D""}, {""type"": ""multi_select"", ""answer"": [""relaxed"", ""natural""], ""answered_at"": 1773221838660, ""question_code"": ""Q2F""}, {""type"": ""single_select"", ""answer"": ""yes"", ""answered_at"": 1773221848026, ""question_code"": ""Q4""}, {""type"": ""multi_select"", ""answer"": [""informal_casual"", ""shared_activities"", ""someone_else_starts""], ""answered_at"": 1773221861729, ""question_code"": ""Q4A""}, {""type"": ""multi_select"", ""answer"": [""natural_start"", ""less_pressure"", ""common_ground""], ""answered_at"": 1773221876111, ""question_code"": ""Q4B""}, {""type"": ""single_select"", ""answer"": ""sometimes"", ""answered_at"": 1773221881247, ""question_code"": ""Q5""}, {""type"": ""multi_select"", ""answer"": [""people_in_groups"", ""too_public""], ""answered_at"": 1773221907976, ""question_code"": ""Q5A""}, {""type"": ""multi_select"", ""answer"": [""observe"", ""stick_to_known_people"", ""wait_for_someone"", ""talk_only_if_needed""], ""answered_at"": 1773221929185, ""question_code"": ""Q5B""}, {""type"": ""multi_select"", ""answer"": [""mutual_friend"", ""curiosity"", ""group_activity"", ""shared_interest""], ""answered_at"": 1773221942532, ""question_code"": ""Q6""}, {""type"": ""single_select"", ""answer"": ""start_quickly"", ""answered_at"": 1773221957607, ""question_code"": ""Q7""}, {""type"": ""multi_select"", ""answer"": [""natural"", ""experience"", ""approachable""], ""answered_at"": 1773221970763, ""question_code"": ""Q7A""}, {""type"": ""single_select"", ""answer"": ""depends"", ""answered_at"": 1773221983588, ""question_code"": ""Q8""}, {""type"": ""multi_select"", ""answer"": [""mood"", ""friends""], ""answered_at"": 1773221989457, ""question_code"": ""Q8C""}, {""type"": ""single_select"", ""answer"": ""both_similar"", ""answered_at"": 1773222002067, ""question_code"": ""Q9""}, {""type"": ""multi_select"", ""answer"": [""ice_breaking"", ""natural_flow"", ""low_judgment""], ""answered_at"": 1773222012105, ""question_code"": ""Q9C""}, {""type"": ""long_text"", ""answer"": ""Some activities where they randomly paired up with other they have to coordinate and do some tasks."", ""answered_at"": 1773222048388, ""question_code"": ""Q10""}], ""respondent_id"": ""anon_eu1yfbwzr"", ""computed_profile"": {""scores"": {""digital_comfort"": 29, ""social_openness"": 90, ""initiation_confidence"": 78, ""low_pressure_preference"": 55, ""shared_context_reliance"": 62}, ""signals"": [{""id"": ""context_anchor"", ""desc"": ""Situational triggers (like classes or tasks) are your primary social bridge."", ""label"": ""Context Anchor""}], ""raw_points"": {""digital_comfort"": {""earned"": 2, ""possible_seen"": 7}, ""social_openness"": {""earned"": 9, ""possible_seen"": 10}, ""initiation_confidence"": {""earned"": 21, ""possible_seen"": 27}, ""low_pressure_preference"": {""earned"": 18, ""possible_seen"": 33}, ""shared_context_reliance"": {""earned"": 16, ""possible_seen"": 26}}, ""style_label"": ""Direct Initiator"", ""primary_style"": ""direct_initiator"", ""style_description"": ""You seem comfortable taking the first step in social situations. You may find it easier than most people to begin conversations and build momentum quickly.""}, ""survey_session_id"": ""sess_nv3sskvfa""}",2026-03-11 09:40:53.612952+00,23-24,4th_plus,M.Tech/M.E.,Male,Hostel,337,5,true,false,,
9b8a8b1e-8c2b-42bc-9c89-fccfe4aa28fd,,"{""answers"": [{""type"": ""single_select"", ""answer"": ""yes"", ""answered_at"": 1773226751498, ""question_code"": ""Q1""}, {""type"": ""long_text"", ""answer"": ""Yes last time , I talked to a UG nale student about his past academics , exams etc."", ""answered_at"": 1773226784227, ""question_code"": ""Q2""}, {""type"": ""single_select"", ""answer"": ""hostel_common_area"", ""answered_at"": 1773226794259, ""question_code"": ""Q2A""}, {""type"": ""multi_select"", ""answer"": [""i_approached""], ""answered_at"": 1773226814496, ""question_code"": ""Q2B""}, {""type"": ""single_select"", ""answer"": ""me"", ""answered_at"": 1773226817043, ""question_code"": ""Q2C""}, {""type"": ""scale"", ""answer"": 4, ""answered_at"": 1773226820201, ""question_code"": ""Q2D""}, {""type"": ""multi_select"", ""answer"": [""natural""], ""answered_at"": 1773226833041, ""question_code"": ""Q2F""}, {""type"": ""single_select"", ""answer"": ""yes"", ""answered_at"": 1773226837255, ""question_code"": ""Q4""}, {""type"": ""multi_select"", ""answer"": [""informal_casual""], ""answered_at"": 1773226841655, ""question_code"": ""Q4A""}, {""type"": ""multi_select"", ""answer"": [""natural_start""], ""answered_at"": 1773226847134, ""question_code"": ""Q4B""}, {""type"": ""single_select"", ""answer"": ""yes"", ""answered_at"": 1773226851618, ""question_code"": ""Q5""}, {""type"": ""multi_select"", ""answer"": [""no_reason_to_talk"", ""too_formal"", ""may_not_be_interested""], ""answered_at"": 1773226866062, ""question_code"": ""Q5A""}, {""type"": ""multi_select"", ""answer"": [""stick_to_known_people"", ""wait_for_someone"", ""observe""], ""answered_at"": 1773226880112, ""question_code"": ""Q5B""}, {""type"": ""multi_select"", ""answer"": [""academic_reason"", ""shared_interest"", ""curiosity"", ""approachable""], ""answered_at"": 1773226891629, ""question_code"": ""Q6""}, {""type"": ""single_select"", ""answer"": ""observe_first"", ""answered_at"": 1773226900930, ""question_code"": ""Q7""}, {""type"": ""multi_select"", ""answer"": [""approachable"", ""open"", ""natural""], ""answered_at"": 1773226910063, ""question_code"": ""Q7D""}, {""type"": ""single_select"", ""answer"": ""one_on_one"", ""answered_at"": 1773226914132, ""question_code"": ""Q8""}, {""type"": ""multi_select"", ""answer"": [""depth"", ""noise""], ""answered_at"": 1773226918211, ""question_code"": ""Q8A""}, {""type"": ""single_select"", ""answer"": ""in_person"", ""answered_at"": 1773226925852, ""question_code"": ""Q9""}, {""type"": ""multi_select"", ""answer"": [""flow"", ""natural"", ""read_person"", ""genuine""], ""answered_at"": 1773226937298, ""question_code"": ""Q9B""}, {""type"": ""long_text"", ""answer"": ""We can have many many events of different types where people with common interest will come together and meet . We can also increase the number of sitting areas , park kind of setup where naturally students will sit and conversation can be initiated. "", ""answered_at"": 1773227023639, ""question_code"": ""Q10""}], ""respondent_id"": ""anon_5cdbbbj0k"", ""computed_profile"": {""scores"": {""digital_comfort"": 0, ""social_openness"": 80, ""initiation_confidence"": 70, ""low_pressure_preference"": 63, ""shared_context_reliance"": 32}, ""signals"": [{""id"": ""safety_first"", ""desc"": ""You prioritize low-judgment, low-pressure environments for interaction."", ""label"": ""Safety Seeker""}, {""id"": ""depth_seeker"", ""desc"": ""You excel in 1-on-1 settings where you can build deeper individual connections."", ""label"": ""Depth Seeker""}, {""id"": ""patience_observer"", ""desc"": ""You prefer to read the room and let the social momentum build before engaging."", ""label"": ""Patient Observer""}], ""raw_points"": {""digital_comfort"": {""earned"": 0, ""possible_seen"": 7}, ""social_openness"": {""earned"": 8, ""possible_seen"": 10}, ""initiation_confidence"": {""earned"": 16, ""possible_seen"": 23}, ""low_pressure_preference"": {""earned"": 22, ""possible_seen"": 35}, ""shared_context_reliance"": {""earned"": 9, ""possible_seen"": 28}}, ""style_label"": ""Direct Initiator"", ""primary_style"": ""direct_initiator"", ""style_description"": ""You seem comfortable taking the first step in social situations. You may find it easier than most people to begin conversations and build momentum quickly.""}, ""survey_session_id"": ""sess_197hkkrm7""}",2026-03-11 11:03:48.832062+00,25+,1st,M.Tech/M.E.,Male,Hostel,308,,,,,
9ccbc227-a02b-418d-9291-ee98c40faabe,,"{""answers"": [{""type"": ""single_select"", ""answer"": ""yes"", ""answered_at"": 1773216211041, ""question_code"": ""Q1""}, {""type"": ""long_text"", ""answer"": ""I just interacted with a TA who i thought was strict, he was helpful and listened calmly. I like people giving smart and straight answers. people here are welcoming in general"", ""answered_at"": 1773216351243, ""question_code"": ""Q2""}, {""type"": ""single_select"", ""answer"": ""group_assignment"", ""answered_at"": 1773216369043, ""question_code"": ""Q2A""}, {""type"": ""multi_select"", ""answer"": [""shared_task"", ""academic_need""], ""answered_at"": 1773216382468, ""question_code"": ""Q2B""}, {""type"": ""single_select"", ""answer"": ""me"", ""answered_at"": 1773216390256, ""question_code"": ""Q2C""}, {""type"": ""scale"", ""answer"": 4, ""answered_at"": 1773216395748, ""question_code"": ""Q2D""}, {""type"": ""multi_select"", ""answer"": [""friendly"", ""topic""], ""answered_at"": 1773216406165, ""question_code"": ""Q2F""}, {""type"": ""single_select"", ""answer"": ""yes"", ""answered_at"": 1773216422429, ""question_code"": ""Q4""}, {""type"": ""multi_select"", ""answer"": [""small_groups"", ""common_interest""], ""answered_at"": 1773216432540, ""question_code"": ""Q4A""}, {""type"": ""multi_select"", ""answer"": [""common_ground""], ""answered_at"": 1773216446685, ""question_code"": ""Q4B""}, {""type"": ""single_select"", ""answer"": ""yes"", ""answered_at"": 1773216478982, ""question_code"": ""Q5""}, {""type"": ""multi_select"", ""answer"": [""no_reason_to_talk"", ""too_formal"", ""other""], ""answered_at"": 1773216495672, ""question_code"": ""Q5A""}, {""type"": ""multi_select"", ""answer"": [""talk_only_if_needed"", ""other""], ""answered_at"": 1773216529568, ""question_code"": ""Q5B""}, {""type"": ""multi_select"", ""answer"": [""curiosity"", ""networking"", ""group_activity"", ""approachable"", ""academic_reason"", ""shared_interest"", ""mutual_friend""], ""answered_at"": 1773216554164, ""question_code"": ""Q6""}, {""type"": ""single_select"", ""answer"": ""observe_first"", ""answered_at"": 1773216567667, ""question_code"": ""Q7""}, {""type"": ""multi_select"", ""answer"": [""open""], ""answered_at"": 1773216579211, ""question_code"": ""Q7D""}, {""type"": ""single_select"", ""answer"": ""depends"", ""answered_at"": 1773216590645, ""question_code"": ""Q8""}, {""type"": ""multi_select"", ""answer"": [""mood""], ""answered_at"": 1773216594137, ""question_code"": ""Q8C""}, {""type"": ""single_select"", ""answer"": ""online"", ""answered_at"": 1773216607850, ""question_code"": ""Q9""}, {""type"": ""multi_select"", ""answer"": [""more_time"", ""other""], ""answered_at"": 1773216627734, ""question_code"": ""Q9A""}, {""type"": ""long_text"", ""answer"": ""Maybe something like Reddit for IIIT \npeople can vent out what they feel and connect with likeminded people through dms. It should be anonymous though "", ""answered_at"": 1773216742335, ""question_code"": ""Q10""}], ""respondent_id"": ""anon_3ym15njr9"", ""computed_profile"": {""scores"": {""digital_comfort"": 50, ""social_openness"": 80, ""initiation_confidence"": 48, ""low_pressure_preference"": 46, ""shared_context_reliance"": 66}, ""signals"": [{""id"": ""initiation_gap"", ""desc"": ""You have a high drive to meet people but find the first step challenging."", ""label"": ""Initiation Gap""}, {""id"": ""context_anchor"", ""desc"": ""Situational triggers (like classes or tasks) are your primary social bridge."", ""label"": ""Context Anchor""}, {""id"": ""patience_observer"", ""desc"": ""You prefer to read the room and let the social momentum build before engaging."", ""label"": ""Patient Observer""}], ""raw_points"": {""digital_comfort"": {""earned"": 6, ""possible_seen"": 12}, ""social_openness"": {""earned"": 8, ""possible_seen"": 10}, ""initiation_confidence"": {""earned"": 11, ""possible_seen"": 23}, ""low_pressure_preference"": {""earned"": 18, ""possible_seen"": 39}, ""shared_context_reliance"": {""earned"": 19, ""possible_seen"": 29}}, ""style_label"": ""Context-Based Connector"", ""primary_style"": ""context_based_connector"", ""style_description"": ""You seem to connect best when there’s a shared reason to interact, such as classes, activities, or common interests. Structured settings may make social interaction easier.""}, ""survey_session_id"": ""sess_fimdq5hxm""}",2026-03-11 08:12:33.777759+00,23-24,1st,M.Tech/M.E.,Female,Hostel,585,4,true,true,,
a492f927-8eb1-41f1-9bf5-ab00a4965985,,"{""answers"": [{""type"": ""single_select"", ""answer"": ""sometimes"", ""answered_at"": 1773221000970, ""question_code"": ""Q1""}, {""type"": ""single_select"", ""answer"": ""hostel_common_area"", ""answered_at"": 1773221012498, ""question_code"": ""Q2A""}, {""type"": ""multi_select"", ""answer"": [""they_approached""], ""answered_at"": 1773221018487, ""question_code"": ""Q2B""}, {""type"": ""single_select"", ""answer"": ""them"", ""answered_at"": 1773221036180, ""question_code"": ""Q2C""}, {""type"": ""scale"", ""answer"": 3, ""answered_at"": 1773221038063, ""question_code"": ""Q2D""}, {""type"": ""single_select"", ""answer"": ""sometimes"", ""answered_at"": 1773221087027, ""question_code"": ""Q4""}, {""type"": ""multi_select"", ""answer"": [""shared_activities""], ""answered_at"": 1773221088992, ""question_code"": ""Q4A""}, {""type"": ""multi_select"", ""answer"": [""shared_purpose""], ""answered_at"": 1773221095783, ""question_code"": ""Q4B""}, {""type"": ""single_select"", ""answer"": ""yes"", ""answered_at"": 1773221097717, ""question_code"": ""Q5""}, {""type"": ""multi_select"", ""answer"": [""people_in_groups""], ""answered_at"": 1773221115539, ""question_code"": ""Q5A""}, {""type"": ""multi_select"", ""answer"": [""wait_for_someone""], ""answered_at"": 1773221122980, ""question_code"": ""Q5B""}, {""type"": ""multi_select"", ""answer"": [""shared_interest""], ""answered_at"": 1773221124908, ""question_code"": ""Q6""}, {""type"": ""single_select"", ""answer"": ""start_quickly"", ""answered_at"": 1773221126012, ""question_code"": ""Q7""}, {""type"": ""multi_select"", ""answer"": [""experience""], ""answered_at"": 1773221127644, ""question_code"": ""Q7A""}, {""type"": ""single_select"", ""answer"": ""one_on_one"", ""answered_at"": 1773221128813, ""question_code"": ""Q8""}, {""type"": ""multi_select"", ""answer"": [""depth""], ""answered_at"": 1773221129653, ""question_code"": ""Q8A""}, {""type"": ""single_select"", ""answer"": ""online"", ""answered_at"": 1773221130800, ""question_code"": ""Q9""}, {""type"": ""multi_select"", ""answer"": [""less_pressure""], ""answered_at"": 1773221131684, ""question_code"": ""Q9A""}], ""respondent_id"": ""anon_5eu5ge22t"", ""computed_profile"": {""scores"": {""digital_comfort"": 50, ""social_openness"": 70, ""initiation_confidence"": 41, ""low_pressure_preference"": 44, ""shared_context_reliance"": 44}, ""signals"": [{""id"": ""initiation_gap"", ""desc"": ""You have a high drive to meet people but find the first step challenging."", ""label"": ""Initiation Gap""}, {""id"": ""depth_seeker"", ""desc"": ""You excel in 1-on-1 settings where you can build deeper individual connections."", ""label"": ""Depth Seeker""}], ""raw_points"": {""digital_comfort"": {""earned"": 6, ""possible_seen"": 12}, ""social_openness"": {""earned"": 7, ""possible_seen"": 10}, ""initiation_confidence"": {""earned"": 11, ""possible_seen"": 27}, ""low_pressure_preference"": {""earned"": 17, ""possible_seen"": 39}, ""shared_context_reliance"": {""earned"": 11, ""possible_seen"": 25}}, ""style_label"": ""Selective Socializer"", ""primary_style"": ""selective_socializer"", ""style_description"": ""You are open to connection but prefer the right context. You may favor meaningful or relevant interactions rather than casual small talk.""}, ""survey_session_id"": ""sess_69wzjv0gm""}",2026-03-11 09:25:36.980612+00,18-20,2nd,B.Tech/B.E.,Male,Hostel,296,,,,,
a4ff195e-f5d2-4ef7-acd2-c0a435a49050,,"{""answers"": [{""type"": ""single_select"", ""answer"": ""not_really"", ""answered_at"": 1773164361785, ""question_code"": ""Q1""}, {""type"": ""multi_select"", ""answer"": [""do_not_feel_need"", ""difficult_to_start"", ""comfortable_with_familiar"", ""prefer_small_selective_circles""], ""answered_at"": 1773164373454, ""question_code"": ""Q1A""}, {""type"": ""short_text"", ""answer"": ""I mean if I need some help from. That person or I have a purpose to talk to them or get some work done "", ""answered_at"": 1773164504661, ""question_code"": ""Q1B""}, {""type"": ""long_text"", ""answer"": ""I talked to my friend’s roommate, we kinda introduced ourselves and kinda bonded really well as he is also from up and I am also from up."", ""answered_at"": 1773164567575, ""question_code"": ""Q2""}, {""type"": ""single_select"", ""answer"": ""hostel_common_area"", ""answered_at"": 1773164583334, ""question_code"": ""Q2A""}, {""type"": ""multi_select"", ""answer"": [""they_approached"", ""mutual_friend_introduced""], ""answered_at"": 1773164598490, ""question_code"": ""Q2B""}, {""type"": ""single_select"", ""answer"": ""them"", ""answered_at"": 1773164605323, ""question_code"": ""Q2C""}, {""type"": ""scale"", ""answer"": 4, ""answered_at"": 1773164609590, ""question_code"": ""Q2D""}, {""type"": ""long_text"", ""answer"": ""The way we were speaking and normally kind of our vibe matched, thoug I was nervous haha but yea was a good time"", ""answered_at"": 1773164650659, ""question_code"": ""Q2F""}, {""type"": ""multi_select"", ""answer"": [""mutual_friends"", ""group_assignments"", ""classes""], ""answered_at"": 1773164676425, ""question_code"": ""Q3""}, {""type"": ""single_select"", ""answer"": ""yes"", ""answered_at"": 1773164695250, ""question_code"": ""Q4""}, {""type"": ""multi_select"", ""answer"": [""informal_casual"", ""someone_else_starts"", ""online_interactions"", ""common_interest""], ""answered_at"": 1773164709472, ""question_code"": ""Q4A""}, {""type"": ""long_text"", ""answer"": ""Because I’m able to express my feelings and get to know the other person as well the comfort comes from how well we are talking without making each other awkward "", ""answered_at"": 1773164776130, ""question_code"": ""Q4B""}, {""type"": ""single_select"", ""answer"": ""yes"", ""answered_at"": 1773164784685, ""question_code"": ""Q5""}, {""type"": ""multi_select"", ""answer"": [""people_in_groups"", ""dont_know_how_to_start"", ""worry_about_judgment"", ""no_reason_to_talk"", ""may_not_be_interested""], ""answered_at"": 1773164813458, ""question_code"": ""Q5A""}, {""type"": ""multi_select"", ""answer"": [""observe"", ""use_phone_avoid"", ""stick_to_known_people""], ""answered_at"": 1773164824478, ""question_code"": ""Q5B""}, {""type"": ""multi_select"", ""answer"": [""shared_interest"", ""academic_reason""], ""answered_at"": 1773164859360, ""question_code"": ""Q6""}, {""type"": ""single_select"", ""answer"": ""shared_interest"", ""answered_at"": 1773164879729, ""question_code"": ""Q6A""}, {""type"": ""single_select"", ""answer"": ""observe_first"", ""answered_at"": 1773164900766, ""question_code"": ""Q7""}, {""type"": ""long_text"", ""answer"": ""How people are actually there in the group are they matching my vibe or not. Tweeting to understand how good or bad are they honestly to just see if to trust them or not"", ""answered_at"": 1773164958311, ""question_code"": ""Q7D""}, {""type"": ""single_select"", ""answer"": ""group_activity"", ""answered_at"": 1773164971753, ""question_code"": ""Q8""}, {""type"": ""long_text"", ""answer"": ""Because there are multiple people talking to each other, so I kind of get some space  plus feels a bit normal as well. One to one might make me kinda awkward "", ""answered_at"": 1773165024178, ""question_code"": ""Q8B""}, {""type"": ""single_select"", ""answer"": ""online"", ""answered_at"": 1773165040421, ""question_code"": ""Q9""}, {""type"": ""multi_select"", ""answer"": [""less_pressure"", ""more_time"", ""less_judgment"", ""easier_approach""], ""answered_at"": 1773165047938, ""question_code"": ""Q9A""}, {""type"": ""long_text"", ""answer"": ""Not really sure"", ""answered_at"": 1773165055247, ""question_code"": ""Q10""}], ""respondent_id"": ""anon_jk5tcdz03"", ""computed_profile"": {""scores"": {""digital_comfort"": 100, ""social_openness"": 53, ""initiation_confidence"": 27, ""low_pressure_preference"": 86, ""shared_context_reliance"": 73}, ""signals"": [{""id"": ""context_anchor"", ""desc"": ""Situational triggers (like classes or tasks) are your primary social bridge."", ""label"": ""Context Anchor""}, {""id"": ""safety_first"", ""desc"": ""You prioritize low-judgment, low-pressure environments for interaction."", ""label"": ""Safety Seeker""}, {""id"": ""digital_first"", ""desc"": ""You feel significantly more comfortable building initial bridges online."", ""label"": ""Digital First""}, {""id"": ""patience_observer"", ""desc"": ""You prefer to read the room and let the social momentum build before engaging."", ""label"": ""Patient Observer""}], ""raw_points"": {""digital_comfort"": {""earned"": 12, ""possible_seen"": 12}, ""social_openness"": {""earned"": 9, ""possible_seen"": 17}, ""initiation_confidence"": {""earned"": 6, ""possible_seen"": 22}, ""low_pressure_preference"": {""earned"": 31, ""possible_seen"": 36}, ""shared_context_reliance"": {""earned"": 22, ""possible_seen"": 30}}, ""style_label"": ""Low-Pressure Connector"", ""primary_style"": ""low_pressure_connector"", ""style_description"": ""You appear to prefer spaces where interaction feels less intense, less public, and less judgment-heavy. Smaller groups or online-first settings may work best.""}, ""survey_session_id"": ""sess_jwmt9fwbd""}",2026-03-10 17:50:57.971175+00,21-22,1st,M.Tech/M.E.,Male,Hostel,735,5,true,true,,
a649ff85-1c5c-46b5-9b3c-e9d54b3d6246,,"{""answers"": [{""type"": ""single_select"", ""answer"": ""sometimes"", ""answered_at"": 1773166409248, ""question_code"": ""Q1""}, {""type"": ""long_text"", ""answer"": ""while playing cricket i met new guys talked with some of them last friday"", ""answered_at"": 1773166433754, ""question_code"": ""Q2""}, {""type"": ""single_select"", ""answer"": ""hostel_common_area"", ""answered_at"": 1773166442348, ""question_code"": ""Q2A""}, {""type"": ""multi_select"", ""answer"": [""casual_moment""], ""answered_at"": 1773166453276, ""question_code"": ""Q2B""}, {""type"": ""single_select"", ""answer"": ""me"", ""answered_at"": 1773166457551, ""question_code"": ""Q2C""}, {""type"": ""scale"", ""answer"": 4, ""answered_at"": 1773166461639, ""question_code"": ""Q2D""}, {""type"": ""long_text"", ""answer"": ""yes as it is a game environment we got to talk pretty comfortably"", ""answered_at"": 1773166486941, ""question_code"": ""Q2F""}, {""type"": ""single_select"", ""answer"": ""sometimes"", ""answered_at"": 1773166492680, ""question_code"": ""Q4""}, {""type"": ""multi_select"", ""answer"": [""someone_else_starts"", ""common_interest"", ""small_groups"", ""shared_activities""], ""answered_at"": 1773166506390, ""question_code"": ""Q4A""}, {""type"": ""long_text"", ""answer"": ""because we would have something useful to talk and the conversation would be meaningful\n"", ""answered_at"": 1773166533136, ""question_code"": ""Q4B""}, {""type"": ""single_select"", ""answer"": ""sometimes"", ""answered_at"": 1773166539218, ""question_code"": ""Q5""}, {""type"": ""multi_select"", ""answer"": [""may_not_be_interested""], ""answered_at"": 1773166546070, ""question_code"": ""Q5A""}, {""type"": ""multi_select"", ""answer"": [""talk_only_if_needed""], ""answered_at"": 1773166557687, ""question_code"": ""Q5B""}, {""type"": ""multi_select"", ""answer"": [""shared_interest"", ""academic_reason"", ""mutual_friend"", ""curiosity"", ""networking""], ""answered_at"": 1773166566732, ""question_code"": ""Q6""}, {""type"": ""single_select"", ""answer"": ""clear_reason"", ""answered_at"": 1773166578341, ""question_code"": ""Q7""}, {""type"": ""long_text"", ""answer"": ""say if we have a common intrest them i would interat more effectively\n"", ""answered_at"": 1773166608558, ""question_code"": ""Q7B""}, {""type"": ""single_select"", ""answer"": ""depends"", ""answered_at"": 1773166617974, ""question_code"": ""Q8""}, {""type"": ""long_text"", ""answer"": ""I donot want to talk when it is not necessary, though i know i loose some interation with people, i think this is the way i am, like to talk in situations that matter "", ""answered_at"": 1773166679986, ""question_code"": ""Q8C""}, {""type"": ""single_select"", ""answer"": ""in_person"", ""answered_at"": 1773166685338, ""question_code"": ""Q9""}, {""type"": ""multi_select"", ""answer"": [""read_person"", ""flow""], ""answered_at"": 1773166693441, ""question_code"": ""Q9B""}, {""type"": ""long_text"", ""answer"": ""have common intrest pools and make the networking feel natural\n"", ""answered_at"": 1773166719490, ""question_code"": ""Q10""}], ""respondent_id"": ""anon_w1nllwhxd"", ""computed_profile"": {""scores"": {""digital_comfort"": 0, ""social_openness"": 80, ""initiation_confidence"": 59, ""low_pressure_preference"": 36, ""shared_context_reliance"": 55}, ""signals"": [], ""raw_points"": {""digital_comfort"": {""earned"": 0, ""possible_seen"": 7}, ""social_openness"": {""earned"": 8, ""possible_seen"": 10}, ""initiation_confidence"": {""earned"": 13, ""possible_seen"": 22}, ""low_pressure_preference"": {""earned"": 10, ""possible_seen"": 28}, ""shared_context_reliance"": {""earned"": 12, ""possible_seen"": 22}}, ""style_label"": ""Context-Based Connector"", ""primary_style"": ""context_based_connector"", ""style_description"": ""You seem to connect best when there’s a shared reason to interact, such as classes, activities, or common interests. Structured settings may make social interaction easier.""}, ""survey_session_id"": ""sess_95cx8xea4""}",2026-03-10 18:18:43.438007+00,21-22,1st,M.Tech/M.E.,Male,Hostel,351,4,true,true,,
a8f7a4d3-b1bf-4d41-9237-5b5ddc792b38,,"{""answers"": [{""type"": ""single_select"", ""answer"": ""sometimes"", ""answered_at"": 1773221227713, ""question_code"": ""Q1""}, {""type"": ""long_text"", ""answer"": ""2 months ago"", ""answered_at"": 1773221248146, ""question_code"": ""Q2""}, {""type"": ""single_select"", ""answer"": ""hostel_common_area"", ""answered_at"": 1773221258407, ""question_code"": ""Q2A""}, {""type"": ""multi_select"", ""answer"": [""casual_moment""], ""answered_at"": 1773221268466, ""question_code"": ""Q2B""}, {""type"": ""single_select"", ""answer"": ""both_naturally"", ""answered_at"": 1773221274551, ""question_code"": ""Q2C""}, {""type"": ""scale"", ""answer"": 4, ""answered_at"": 1773221279357, ""question_code"": ""Q2D""}, {""type"": ""multi_select"", ""answer"": [""friendly""], ""answered_at"": 1773221284539, ""question_code"": ""Q2F""}, {""type"": ""single_select"", ""answer"": ""no"", ""answered_at"": 1773221295125, ""question_code"": ""Q4""}, {""type"": ""single_select"", ""answer"": ""yes"", ""answered_at"": 1773221302336, ""question_code"": ""Q5""}, {""type"": ""multi_select"", ""answer"": [""may_not_be_interested""], ""answered_at"": 1773221318792, ""question_code"": ""Q5A""}, {""type"": ""multi_select"", ""answer"": [""observe"", ""talk_only_if_needed""], ""answered_at"": 1773221326336, ""question_code"": ""Q5B""}, {""type"": ""multi_select"", ""answer"": [""approachable"", ""academic_reason""], ""answered_at"": 1773221341634, ""question_code"": ""Q6""}, {""type"": ""single_select"", ""answer"": ""observe_first"", ""answered_at"": 1773221351582, ""question_code"": ""Q7""}, {""type"": ""multi_select"", ""answer"": [""reason""], ""answered_at"": 1773221358818, ""question_code"": ""Q7D""}, {""type"": ""single_select"", ""answer"": ""depends"", ""answered_at"": 1773221374263, ""question_code"": ""Q8""}, {""type"": ""multi_select"", ""answer"": [""size"", ""mood""], ""answered_at"": 1773221400539, ""question_code"": ""Q8C""}, {""type"": ""single_select"", ""answer"": ""neither_easy"", ""answered_at"": 1773221414990, ""question_code"": ""Q9""}, {""type"": ""multi_select"", ""answer"": [""matching""], ""answered_at"": 1773221431434, ""question_code"": ""Q9D""}], ""respondent_id"": ""anon_z4kdpionb"", ""computed_profile"": {""scores"": {""digital_comfort"": 0, ""social_openness"": 60, ""initiation_confidence"": 50, ""low_pressure_preference"": 54, ""shared_context_reliance"": 27}, ""signals"": [{""id"": ""patience_observer"", ""desc"": ""You prefer to read the room and let the social momentum build before engaging."", ""label"": ""Patient Observer""}], ""raw_points"": {""digital_comfort"": {""earned"": 0, ""possible_seen"": 4}, ""social_openness"": {""earned"": 6, ""possible_seen"": 10}, ""initiation_confidence"": {""earned"": 11, ""possible_seen"": 22}, ""low_pressure_preference"": {""earned"": 14, ""possible_seen"": 26}, ""shared_context_reliance"": {""earned"": 6, ""possible_seen"": 22}}, ""style_label"": ""Balanced Navigator"", ""primary_style"": ""balanced_navigator"", ""style_description"": ""You read the room and move with it, adapting your social approach to the specific context and people around you.""}, ""survey_session_id"": ""sess_99r3lcoe4""}",2026-03-11 09:30:52.837741+00,18-20,2nd,B.Tech/B.E.,Female,Hostel,260,5,true,true,,
a9af0578-424f-46a8-8d30-6abbbf803860,,"{""answers"": [{""type"": ""single_select"", ""answer"": ""yes"", ""answered_at"": 1773220038500, ""question_code"": ""Q1""}, {""type"": ""long_text"", ""answer"": ""Wouldve probably been the last time I had a paper showing. Started talking to a random guy about how terrible the rubrik was "", ""answered_at"": 1773220071448, ""question_code"": ""Q2""}, {""type"": ""single_select"", ""answer"": ""class"", ""answered_at"": 1773220080866, ""question_code"": ""Q2A""}, {""type"": ""multi_select"", ""answer"": [""casual_moment""], ""answered_at"": 1773220086589, ""question_code"": ""Q2B""}, {""type"": ""single_select"", ""answer"": ""me"", ""answered_at"": 1773220089061, ""question_code"": ""Q2C""}, {""type"": ""scale"", ""answer"": 4, ""answered_at"": 1773220090979, ""question_code"": ""Q2D""}, {""type"": ""multi_select"", ""answer"": [""friendly""], ""answered_at"": 1773220094670, ""question_code"": ""Q2F""}, {""type"": ""single_select"", ""answer"": ""yes"", ""answered_at"": 1773220099850, ""question_code"": ""Q4""}, {""type"": ""multi_select"", ""answer"": [""informal_casual"", ""online_interactions""], ""answered_at"": 1773220108439, ""question_code"": ""Q4A""}, {""type"": ""multi_select"", ""answer"": [""shared_purpose"", ""small_group""], ""answered_at"": 1773220120438, ""question_code"": ""Q4B""}, {""type"": ""single_select"", ""answer"": ""yes"", ""answered_at"": 1773220128210, ""question_code"": ""Q5""}, {""type"": ""multi_select"", ""answer"": [""dont_know_how_to_start"", ""no_reason_to_talk"", ""may_not_be_interested""], ""answered_at"": 1773220144831, ""question_code"": ""Q5A""}, {""type"": ""multi_select"", ""answer"": [""talk_only_if_needed"", ""use_phone_avoid"", ""stick_to_known_people""], ""answered_at"": 1773220156790, ""question_code"": ""Q5B""}, {""type"": ""multi_select"", ""answer"": [""academic_reason"", ""curiosity"", ""networking""], ""answered_at"": 1773220168741, ""question_code"": ""Q6""}, {""type"": ""single_select"", ""answer"": ""clear_reason"", ""answered_at"": 1773220175831, ""question_code"": ""Q7""}, {""type"": ""multi_select"", ""answer"": [""shared_obs""], ""answered_at"": 1773220185786, ""question_code"": ""Q7B""}, {""type"": ""single_select"", ""answer"": ""one_on_one"", ""answered_at"": 1773220209782, ""question_code"": ""Q8""}, {""type"": ""multi_select"", ""answer"": [""depth"", ""noise""], ""answered_at"": 1773220215870, ""question_code"": ""Q8A""}, {""type"": ""single_select"", ""answer"": ""online"", ""answered_at"": 1773220223383, ""question_code"": ""Q9""}, {""type"": ""multi_select"", ""answer"": [""less_pressure"", ""more_time"", ""less_judgment""], ""answered_at"": 1773220230231, ""question_code"": ""Q9A""}], ""respondent_id"": ""anon_3a9tpfvns"", ""computed_profile"": {""scores"": {""digital_comfort"": 100, ""social_openness"": 91, ""initiation_confidence"": 57, ""low_pressure_preference"": 69, ""shared_context_reliance"": 39}, ""signals"": [{""id"": ""safety_first"", ""desc"": ""You prioritize low-judgment, low-pressure environments for interaction."", ""label"": ""Safety Seeker""}, {""id"": ""digital_first"", ""desc"": ""You feel significantly more comfortable building initial bridges online."", ""label"": ""Digital First""}, {""id"": ""depth_seeker"", ""desc"": ""You excel in 1-on-1 settings where you can build deeper individual connections."", ""label"": ""Depth Seeker""}], ""raw_points"": {""digital_comfort"": {""earned"": 12, ""possible_seen"": 12}, ""social_openness"": {""earned"": 10, ""possible_seen"": 11}, ""initiation_confidence"": {""earned"": 13, ""possible_seen"": 23}, ""low_pressure_preference"": {""earned"": 27, ""possible_seen"": 39}, ""shared_context_reliance"": {""earned"": 11, ""possible_seen"": 28}}, ""style_label"": ""Low-Pressure Connector"", ""primary_style"": ""low_pressure_connector"", ""style_description"": ""You appear to prefer spaces where interaction feels less intense, less public, and less judgment-heavy. Smaller groups or online-first settings may work best.""}, ""survey_session_id"": ""sess_9zi7186o1""}",2026-03-11 09:10:36.466858+00,18-20,1st,B.Tech/B.E.,Male,Hostel,211,4,true,true,,
b00801e4-51ee-4a0c-8785-327615d4d0d8,,"{""answers"": [{""type"": ""single_select"", ""answer"": ""yes"", ""answered_at"": 1773220289964, ""question_code"": ""Q1""}, {""type"": ""long_text"", ""answer"": ""Talked to my friend’s friend yesterday about his ongoing boards"", ""answered_at"": 1773220346250, ""question_code"": ""Q2""}, {""type"": ""single_select"", ""answer"": ""mutual_friend"", ""answered_at"": 1773220318545, ""question_code"": ""Q2A""}, {""type"": ""multi_select"", ""answer"": [""casual_moment""], ""answered_at"": 1773220360791, ""question_code"": ""Q2B""}, {""type"": ""single_select"", ""answer"": ""both_naturally"", ""answered_at"": 1773220370794, ""question_code"": ""Q2C""}, {""type"": ""scale"", ""answer"": 4, ""answered_at"": 1773220375550, ""question_code"": ""Q2D""}, {""type"": ""multi_select"", ""answer"": [""natural"", ""topic"", ""relaxed""], ""answered_at"": 1773220386943, ""question_code"": ""Q2F""}, {""type"": ""single_select"", ""answer"": ""yes"", ""answered_at"": 1773220393744, ""question_code"": ""Q4""}, {""type"": ""multi_select"", ""answer"": [""shared_activities"", ""small_groups"", ""someone_else_starts"", ""common_interest""], ""answered_at"": 1773220409364, ""question_code"": ""Q4A""}, {""type"": ""multi_select"", ""answer"": [""natural_start"", ""common_ground""], ""answered_at"": 1773220422161, ""question_code"": ""Q4B""}, {""type"": ""single_select"", ""answer"": ""yes"", ""answered_at"": 1773220428458, ""question_code"": ""Q5""}, {""type"": ""multi_select"", ""answer"": [""no_reason_to_talk"", ""dont_know_how_to_start""], ""answered_at"": 1773220471686, ""question_code"": ""Q5A""}, {""type"": ""multi_select"", ""answer"": [""observe"", ""wait_for_someone"", ""talk_only_if_needed"", ""use_phone_avoid""], ""answered_at"": 1773220496561, ""question_code"": ""Q5B""}, {""type"": ""multi_select"", ""answer"": [""academic_reason"", ""mutual_friend"", ""curiosity""], ""answered_at"": 1773220509146, ""question_code"": ""Q6""}, {""type"": ""single_select"", ""answer"": ""wait_for_someone"", ""answered_at"": 1773220523115, ""question_code"": ""Q7""}, {""type"": ""multi_select"", ""answer"": [""no_ice"", ""interest""], ""answered_at"": 1773220529518, ""question_code"": ""Q7C""}, {""type"": ""single_select"", ""answer"": ""depends"", ""answered_at"": 1773220538356, ""question_code"": ""Q8""}, {""type"": ""multi_select"", ""answer"": [""mood"", ""friends""], ""answered_at"": 1773220549973, ""question_code"": ""Q8C""}, {""type"": ""single_select"", ""answer"": ""in_person"", ""answered_at"": 1773220556409, ""question_code"": ""Q9""}, {""type"": ""multi_select"", ""answer"": [""read_person"", ""genuine""], ""answered_at"": 1773220563644, ""question_code"": ""Q9B""}, {""type"": ""long_text"", ""answer"": ""acc to me the best way to meet new people is to through mutual friends "", ""answered_at"": 1773221029192, ""question_code"": ""Q10""}], ""respondent_id"": ""anon_ycfu8vhl6"", ""computed_profile"": {""scores"": {""digital_comfort"": 0, ""social_openness"": 82, ""initiation_confidence"": 57, ""low_pressure_preference"": 56, ""shared_context_reliance"": 65}, ""signals"": [{""id"": ""context_anchor"", ""desc"": ""Situational triggers (like classes or tasks) are your primary social bridge."", ""label"": ""Context Anchor""}, {""id"": ""patience_observer"", ""desc"": ""You prefer to read the room and let the social momentum build before engaging."", ""label"": ""Patient Observer""}], ""raw_points"": {""digital_comfort"": {""earned"": 0, ""possible_seen"": 7}, ""social_openness"": {""earned"": 9, ""possible_seen"": 11}, ""initiation_confidence"": {""earned"": 13, ""possible_seen"": 23}, ""low_pressure_preference"": {""earned"": 20, ""possible_seen"": 36}, ""shared_context_reliance"": {""earned"": 17, ""possible_seen"": 26}}, ""style_label"": ""Context-Based Connector"", ""primary_style"": ""context_based_connector"", ""style_description"": ""You seem to connect best when there’s a shared reason to interact, such as classes, activities, or common interests. Structured settings may make social interaction easier.""}, ""survey_session_id"": ""sess_gc4ymfxk4""}",2026-03-11 09:23:58.550838+00,18-20,1st,B.Tech/B.E.,Male,Hostel,806,,,,,
b5133916-e47c-4c0c-bc23-9c2b7b7ff2e8,,"{""answers"": [{""type"": ""single_select"", ""answer"": ""sometimes"", ""answered_at"": 1773221117060, ""question_code"": ""Q1""}, {""type"": ""long_text"", ""answer"": ""Don’t remember "", ""answered_at"": 1773221142146, ""question_code"": ""Q2""}, {""type"": ""single_select"", ""answer"": ""event"", ""answered_at"": 1773221160538, ""question_code"": ""Q2A""}, {""type"": ""multi_select"", ""answer"": [""academic_need""], ""answered_at"": 1773221169423, ""question_code"": ""Q2B""}, {""type"": ""single_select"", ""answer"": ""me"", ""answered_at"": 1773221173390, ""question_code"": ""Q2C""}, {""type"": ""scale"", ""answer"": 3, ""answered_at"": 1773221175343, ""question_code"": ""Q2D""}, {""type"": ""single_select"", ""answer"": ""sometimes"", ""answered_at"": 1773221184857, ""question_code"": ""Q4""}, {""type"": ""multi_select"", ""answer"": [""shared_activities"", ""someone_else_starts"", ""online_interactions"", ""common_interest""], ""answered_at"": 1773221196024, ""question_code"": ""Q4A""}, {""type"": ""multi_select"", ""answer"": [""shared_purpose"", ""less_pressure""], ""answered_at"": 1773221201325, ""question_code"": ""Q4B""}, {""type"": ""single_select"", ""answer"": ""yes"", ""answered_at"": 1773221206709, ""question_code"": ""Q5""}, {""type"": ""multi_select"", ""answer"": [""dont_know_how_to_start"", ""worry_about_judgment""], ""answered_at"": 1773221215343, ""question_code"": ""Q5A""}, {""type"": ""multi_select"", ""answer"": [""observe"", ""talk_only_if_needed""], ""answered_at"": 1773221223893, ""question_code"": ""Q5B""}, {""type"": ""multi_select"", ""answer"": [""shared_interest"", ""academic_reason""], ""answered_at"": 1773221228842, ""question_code"": ""Q6""}, {""type"": ""single_select"", ""answer"": ""clear_reason"", ""answered_at"": 1773221240879, ""question_code"": ""Q7""}, {""type"": ""multi_select"", ""answer"": [""task_help""], ""answered_at"": 1773221249216, ""question_code"": ""Q7B""}, {""type"": ""single_select"", ""answer"": ""group_activity"", ""answered_at"": 1773221256464, ""question_code"": ""Q8""}, {""type"": ""multi_select"", ""answer"": [""task_natural""], ""answered_at"": 1773221266298, ""question_code"": ""Q8B""}, {""type"": ""single_select"", ""answer"": ""online"", ""answered_at"": 1773221274316, ""question_code"": ""Q9""}, {""type"": ""multi_select"", ""answer"": [""more_time"", ""less_judgment""], ""answered_at"": 1773221281183, ""question_code"": ""Q9A""}, {""type"": ""long_text"", ""answer"": ""Do not know"", ""answered_at"": 1773221301670, ""question_code"": ""Q10""}], ""respondent_id"": ""anon_i2lkxq0ui"", ""computed_profile"": {""scores"": {""digital_comfort"": 92, ""social_openness"": 64, ""initiation_confidence"": 46, ""low_pressure_preference"": 71, ""shared_context_reliance"": 70}, ""signals"": [{""id"": ""initiation_gap"", ""desc"": ""You have a high drive to meet people but find the first step challenging."", ""label"": ""Initiation Gap""}, {""id"": ""context_anchor"", ""desc"": ""Situational triggers (like classes or tasks) are your primary social bridge."", ""label"": ""Context Anchor""}, {""id"": ""safety_first"", ""desc"": ""You prioritize low-judgment, low-pressure environments for interaction."", ""label"": ""Safety Seeker""}, {""id"": ""digital_first"", ""desc"": ""You feel significantly more comfortable building initial bridges online."", ""label"": ""Digital First""}], ""raw_points"": {""digital_comfort"": {""earned"": 11, ""possible_seen"": 12}, ""social_openness"": {""earned"": 7, ""possible_seen"": 11}, ""initiation_confidence"": {""earned"": 11, ""possible_seen"": 24}, ""low_pressure_preference"": {""earned"": 27, ""possible_seen"": 38}, ""shared_context_reliance"": {""earned"": 21, ""possible_seen"": 30}}, ""style_label"": ""Low-Pressure Connector"", ""primary_style"": ""low_pressure_connector"", ""style_description"": ""You appear to prefer spaces where interaction feels less intense, less public, and less judgment-heavy. Smaller groups or online-first settings may work best.""}, ""survey_session_id"": ""sess_wkf61zui8""}",2026-03-11 09:28:24.551896+00,21-22,4th_plus,B.Tech/B.E.,Male,Hostel,226,,,,,
b8713adf-f060-4e17-8516-5a989a3a86bf,,"{""answers"": [{""type"": ""single_select"", ""answer"": ""yes"", ""answered_at"": 1773164385640, ""question_code"": ""Q1""}, {""type"": ""long_text"", ""answer"": ""Yesterday while taking interviews for my project "", ""answered_at"": 1773164408020, ""question_code"": ""Q2""}, {""type"": ""single_select"", ""answer"": ""other"", ""answered_at"": 1773164417841, ""question_code"": ""Q2A""}, {""type"": ""multi_select"", ""answer"": [""academic_need""], ""answered_at"": 1773164430976, ""question_code"": ""Q2B""}, {""type"": ""single_select"", ""answer"": ""me"", ""answered_at"": 1773164436737, ""question_code"": ""Q2C""}, {""type"": ""scale"", ""answer"": 4, ""answered_at"": 1773164441417, ""question_code"": ""Q2D""}, {""type"": ""long_text"", ""answer"": ""My academic purpose and my confidence with new people\n"", ""answered_at"": 1773164466493, ""question_code"": ""Q2F""}, {""type"": ""multi_select"", ""answer"": [""group_assignments"", ""classes""], ""answered_at"": 1773164507083, ""question_code"": ""Q3""}, {""type"": ""single_select"", ""answer"": ""sometimes"", ""answered_at"": 1773164546494, ""question_code"": ""Q4""}, {""type"": ""multi_select"", ""answer"": [""shared_activities"", ""common_interest"", ""informal_casual""], ""answered_at"": 1773164570509, ""question_code"": ""Q4A""}, {""type"": ""long_text"", ""answer"": ""Through a shared activity i get to know the other person and vice Versa which can help me learn new things"", ""answered_at"": 1773164633287, ""question_code"": ""Q4B""}, {""type"": ""single_select"", ""answer"": ""yes"", ""answered_at"": 1773164641633, ""question_code"": ""Q5""}, {""type"": ""multi_select"", ""answer"": [""may_not_be_interested"", ""worry_about_judgment""], ""answered_at"": 1773164666631, ""question_code"": ""Q5A""}, {""type"": ""multi_select"", ""answer"": [""talk_only_if_needed"", ""use_phone_avoid"", ""leave"", ""wait_for_someone""], ""answered_at"": 1773164691979, ""question_code"": ""Q5B""}, {""type"": ""multi_select"", ""answer"": [""shared_interest"", ""networking"", ""group_activity""], ""answered_at"": 1773164708304, ""question_code"": ""Q6""}, {""type"": ""single_select"", ""answer"": ""group_activity"", ""answered_at"": 1773164730322, ""question_code"": ""Q6A""}, {""type"": ""single_select"", ""answer"": ""observe_first"", ""answered_at"": 1773164759745, ""question_code"": ""Q7""}, {""type"": ""long_text"", ""answer"": ""Are they approachable and can i learn anything from them and vice Versa and a purpose "", ""answered_at"": 1773164806970, ""question_code"": ""Q7D""}, {""type"": ""single_select"", ""answer"": ""group_activity"", ""answered_at"": 1773164815266, ""question_code"": ""Q8""}, {""type"": ""long_text"", ""answer"": ""It would be a fun way to slow get kick started with the conversation and knowing each other "", ""answered_at"": 1773164850907, ""question_code"": ""Q8B""}, {""type"": ""single_select"", ""answer"": ""in_person"", ""answered_at"": 1773164882216, ""question_code"": ""Q9""}, {""type"": ""multi_select"", ""answer"": [""natural"", ""read_person"", ""flow"", ""genuine""], ""answered_at"": 1773164890620, ""question_code"": ""Q9B""}, {""type"": ""long_text"", ""answer"": ""It’s should be casual and friendly and not a formal setup which creates awkwardness "", ""answered_at"": 1773164930940, ""question_code"": ""Q10""}], ""respondent_id"": ""anon_9nbqnqi2t"", ""computed_profile"": {""scores"": {""digital_comfort"": 0, ""social_openness"": 65, ""initiation_confidence"": 55, ""low_pressure_preference"": 61, ""shared_context_reliance"": 73}, ""signals"": [{""id"": ""context_anchor"", ""desc"": ""Situational triggers (like classes or tasks) are your primary social bridge."", ""label"": ""Context Anchor""}, {""id"": ""safety_first"", ""desc"": ""You prioritize low-judgment, low-pressure environments for interaction."", ""label"": ""Safety Seeker""}, {""id"": ""patience_observer"", ""desc"": ""You prefer to read the room and let the social momentum build before engaging."", ""label"": ""Patient Observer""}], ""raw_points"": {""digital_comfort"": {""earned"": 0, ""possible_seen"": 7}, ""social_openness"": {""earned"": 11, ""possible_seen"": 17}, ""initiation_confidence"": {""earned"": 12, ""possible_seen"": 22}, ""low_pressure_preference"": {""earned"": 17, ""possible_seen"": 28}, ""shared_context_reliance"": {""earned"": 22, ""possible_seen"": 30}}, ""style_label"": ""Context-Based Connector"", ""primary_style"": ""context_based_connector"", ""style_description"": ""You seem to connect best when there’s a shared reason to interact, such as classes, activities, or common interests. Structured settings may make social interaction easier.""}, ""survey_session_id"": ""sess_x1q5lzrv4""}",2026-03-10 17:48:55.772604+00,21-22,1st,M.Tech/M.E.,Female,Hostel,631,,,,,
c16b881e-9e5a-498b-9572-f2dc2a6b0a43,,"{""answers"": [{""type"": ""single_select"", ""answer"": ""sometimes"", ""answered_at"": 1773212510649, ""question_code"": ""Q1""}, {""type"": ""long_text"", ""answer"": ""f*** you b****"", ""answered_at"": 1773212548791, ""question_code"": ""Q2""}, {""type"": ""single_select"", ""answer"": ""mutual_friend"", ""answered_at"": 1773212575043, ""question_code"": ""Q2A""}, {""type"": ""multi_select"", ""answer"": [""mutual_friend_introduced""], ""answered_at"": 1773212597632, ""question_code"": ""Q2B""}, {""type"": ""single_select"", ""answer"": ""both_naturally"", ""answered_at"": 1773212602158, ""question_code"": ""Q2C""}, {""type"": ""scale"", ""answer"": 4, ""answered_at"": 1773212609048, ""question_code"": ""Q2D""}, {""type"": ""multi_select"", ""answer"": [""topic""], ""answered_at"": 1773212613402, ""question_code"": ""Q2F""}, {""type"": ""single_select"", ""answer"": ""sometimes"", ""answered_at"": 1773212654209, ""question_code"": ""Q4""}, {""type"": ""multi_select"", ""answer"": [""informal_casual""], ""answered_at"": 1773212698894, ""question_code"": ""Q4A""}, {""type"": ""multi_select"", ""answer"": [""natural_start""], ""answered_at"": 1773212736159, ""question_code"": ""Q4B""}, {""type"": ""single_select"", ""answer"": ""sometimes"", ""answered_at"": 1773212767106, ""question_code"": ""Q5""}, {""type"": ""multi_select"", ""answer"": [""no_reason_to_talk""], ""answered_at"": 1773212772364, ""question_code"": ""Q5A""}, {""type"": ""multi_select"", ""answer"": [""stick_to_known_people""], ""answered_at"": 1773212778340, ""question_code"": ""Q5B""}, {""type"": ""multi_select"", ""answer"": [""need_for_company"", ""networking"", ""mutual_friend""], ""answered_at"": 1773212788344, ""question_code"": ""Q6""}, {""type"": ""single_select"", ""answer"": ""observe_first"", ""answered_at"": 1773212813766, ""question_code"": ""Q7""}, {""type"": ""multi_select"", ""answer"": [""reason""], ""answered_at"": 1773212817933, ""question_code"": ""Q7D""}, {""type"": ""single_select"", ""answer"": ""one_on_one"", ""answered_at"": 1773212824153, ""question_code"": ""Q8""}, {""type"": ""multi_select"", ""answer"": [""noise""], ""answered_at"": 1773212828915, ""question_code"": ""Q8A""}, {""type"": ""single_select"", ""answer"": ""online"", ""answered_at"": 1773212842778, ""question_code"": ""Q9""}, {""type"": ""multi_select"", ""answer"": [""less_judgment""], ""answered_at"": 1773212846216, ""question_code"": ""Q9A""}, {""type"": ""long_text"", ""answer"": ""more events in which i can meet people "", ""answered_at"": 1773212862869, ""question_code"": ""Q10""}], ""respondent_id"": ""anon_aeie709gl"", ""computed_profile"": {""scores"": {""digital_comfort"": 50, ""social_openness"": 70, ""initiation_confidence"": 43, ""low_pressure_preference"": 43, ""shared_context_reliance"": 32}, ""signals"": [{""id"": ""initiation_gap"", ""desc"": ""You have a high drive to meet people but find the first step challenging."", ""label"": ""Initiation Gap""}, {""id"": ""depth_seeker"", ""desc"": ""You excel in 1-on-1 settings where you can build deeper individual connections."", ""label"": ""Depth Seeker""}, {""id"": ""patience_observer"", ""desc"": ""You prefer to read the room and let the social momentum build before engaging."", ""label"": ""Patient Observer""}], ""raw_points"": {""digital_comfort"": {""earned"": 6, ""possible_seen"": 12}, ""social_openness"": {""earned"": 7, ""possible_seen"": 10}, ""initiation_confidence"": {""earned"": 10, ""possible_seen"": 23}, ""low_pressure_preference"": {""earned"": 17, ""possible_seen"": 40}, ""shared_context_reliance"": {""earned"": 9, ""possible_seen"": 28}}, ""style_label"": ""Balanced Navigator"", ""primary_style"": ""balanced_navigator"", ""style_description"": ""You read the room and move with it, adapting your social approach to the specific context and people around you.""}, ""survey_session_id"": ""sess_aerc6yvx0""}",2026-03-11 07:07:45.153522+00,23-24,1st,M.Tech/M.E.,Male,Hostel,449,,,,,
c8f96d8d-c84e-4345-9e38-47d7d72f37b2,,"{""answers"": [{""type"": ""single_select"", ""answer"": ""prefer_known_people"", ""answered_at"": 1773259380199, ""question_code"": ""Q1""}, {""type"": ""long_text"", ""answer"": ""Today"", ""answered_at"": 1773259386118, ""question_code"": ""Q2""}, {""type"": ""single_select"", ""answer"": ""event"", ""answered_at"": 1773259395559, ""question_code"": ""Q2A""}, {""type"": ""multi_select"", ""answer"": [""casual_moment""], ""answered_at"": 1773259401654, ""question_code"": ""Q2B""}, {""type"": ""single_select"", ""answer"": ""them"", ""answered_at"": 1773259404863, ""question_code"": ""Q2C""}, {""type"": ""scale"", ""answer"": 4, ""answered_at"": 1773259408343, ""question_code"": ""Q2D""}, {""type"": ""multi_select"", ""answer"": [""friendly""], ""answered_at"": 1773259412405, ""question_code"": ""Q2F""}, {""type"": ""single_select"", ""answer"": ""yes"", ""answered_at"": 1773259419776, ""question_code"": ""Q4""}, {""type"": ""multi_select"", ""answer"": [""online_interactions""], ""answered_at"": 1773259423054, ""question_code"": ""Q4A""}, {""type"": ""multi_select"", ""answer"": [""natural_start"", ""shared_purpose"", ""common_ground"", ""small_group""], ""answered_at"": 1773259433503, ""question_code"": ""Q4B""}, {""type"": ""single_select"", ""answer"": ""no"", ""answered_at"": 1773259437915, ""question_code"": ""Q5""}, {""type"": ""multi_select"", ""answer"": [""curiosity"", ""networking"", ""approachable"", ""shared_interest""], ""answered_at"": 1773259449231, ""question_code"": ""Q6""}, {""type"": ""single_select"", ""answer"": ""observe_first"", ""answered_at"": 1773259462011, ""question_code"": ""Q7""}, {""type"": ""multi_select"", ""answer"": [""natural""], ""answered_at"": 1773259471164, ""question_code"": ""Q7D""}, {""type"": ""single_select"", ""answer"": ""one_on_one"", ""answered_at"": 1773259476774, ""question_code"": ""Q8""}, {""type"": ""multi_select"", ""answer"": [""noise"", ""depth""], ""answered_at"": 1773259484678, ""question_code"": ""Q8A""}, {""type"": ""single_select"", ""answer"": ""online"", ""answered_at"": 1773259489137, ""question_code"": ""Q9""}, {""type"": ""multi_select"", ""answer"": [""more_time""], ""answered_at"": 1773259493500, ""question_code"": ""Q9A""}, {""type"": ""long_text"", ""answer"": ""Online community "", ""answered_at"": 1773259509150, ""question_code"": ""Q10""}], ""respondent_id"": ""anon_umrv570wf"", ""computed_profile"": {""scores"": {""digital_comfort"": 75, ""social_openness"": 60, ""initiation_confidence"": 48, ""low_pressure_preference"": 55, ""shared_context_reliance"": 32}, ""signals"": [{""id"": ""digital_first"", ""desc"": ""You feel significantly more comfortable building initial bridges online."", ""label"": ""Digital First""}, {""id"": ""depth_seeker"", ""desc"": ""You excel in 1-on-1 settings where you can build deeper individual connections."", ""label"": ""Depth Seeker""}, {""id"": ""patience_observer"", ""desc"": ""You prefer to read the room and let the social momentum build before engaging."", ""label"": ""Patient Observer""}], ""raw_points"": {""digital_comfort"": {""earned"": 9, ""possible_seen"": 12}, ""social_openness"": {""earned"": 6, ""possible_seen"": 10}, ""initiation_confidence"": {""earned"": 10, ""possible_seen"": 21}, ""low_pressure_preference"": {""earned"": 17, ""possible_seen"": 31}, ""shared_context_reliance"": {""earned"": 8, ""possible_seen"": 25}}, ""style_label"": ""Warm-Up Socializer"", ""primary_style"": ""warm_up_socializer"", ""style_description"": ""You tend to ease into new interactions rather than jumping in immediately. You may feel most comfortable when there’s time to observe, a shared context, or a lower-pressure environment.""}, ""survey_session_id"": ""sess_tj8n0ofyl""}",2026-03-11 20:05:12.891686+00,23-24,4th_plus,B.Sc/M.Sc,Female,Day Scholar,165,5,true,true,,
ca9c8526-79c8-411f-b2fd-2752d15501c7,,"{""answers"": [{""type"": ""single_select"", ""answer"": ""yes"", ""answered_at"": 1773221831478, ""question_code"": ""Q1""}, {""type"": ""long_text"", ""answer"": ""Saw someone working out. Asked about their diet."", ""answered_at"": 1773221870403, ""question_code"": ""Q2""}, {""type"": ""single_select"", ""answer"": ""hostel_common_area"", ""answered_at"": 1773221884072, ""question_code"": ""Q2A""}, {""type"": ""multi_select"", ""answer"": [""i_approached""], ""answered_at"": 1773221887910, ""question_code"": ""Q2B""}, {""type"": ""single_select"", ""answer"": ""me"", ""answered_at"": 1773221892839, ""question_code"": ""Q2C""}, {""type"": ""scale"", ""answer"": 5, ""answered_at"": 1773221895701, ""question_code"": ""Q2D""}, {""type"": ""multi_select"", ""answer"": [""topic""], ""answered_at"": 1773221906731, ""question_code"": ""Q2F""}, {""type"": ""single_select"", ""answer"": ""yes"", ""answered_at"": 1773221911656, ""question_code"": ""Q4""}, {""type"": ""multi_select"", ""answer"": [""shared_activities"", ""small_groups"", ""one_on_one"", ""informal_casual"", ""someone_else_starts"", ""online_interactions"", ""common_interest""], ""answered_at"": 1773221925187, ""question_code"": ""Q4A""}, {""type"": ""multi_select"", ""answer"": [""shared_purpose"", ""natural_start"", ""less_pressure"", ""common_ground"", ""small_group""], ""answered_at"": 1773221934351, ""question_code"": ""Q4B""}, {""type"": ""single_select"", ""answer"": ""yes"", ""answered_at"": 1773221941984, ""question_code"": ""Q5""}, {""type"": ""multi_select"", ""answer"": [""worry_about_judgment"", ""no_reason_to_talk""], ""answered_at"": 1773222006813, ""question_code"": ""Q5A""}, {""type"": ""multi_select"", ""answer"": [""observe"", ""talk_only_if_needed"", ""use_phone_avoid""], ""answered_at"": 1773222021095, ""question_code"": ""Q5B""}, {""type"": ""multi_select"", ""answer"": [""shared_interest"", ""academic_reason"", ""networking""], ""answered_at"": 1773222031541, ""question_code"": ""Q6""}, {""type"": ""single_select"", ""answer"": ""clear_reason"", ""answered_at"": 1773222046819, ""question_code"": ""Q7""}, {""type"": ""multi_select"", ""answer"": [""shared_obs"", ""mutual_friend"", ""task_help""], ""answered_at"": 1773222056718, ""question_code"": ""Q7B""}, {""type"": ""single_select"", ""answer"": ""one_on_one"", ""answered_at"": 1773222061229, ""question_code"": ""Q8""}, {""type"": ""multi_select"", ""answer"": [""pressure""], ""answered_at"": 1773222067782, ""question_code"": ""Q8A""}, {""type"": ""single_select"", ""answer"": ""online"", ""answered_at"": 1773222073731, ""question_code"": ""Q9""}, {""type"": ""multi_select"", ""answer"": [""more_time"", ""less_judgment""], ""answered_at"": 1773222080507, ""question_code"": ""Q9A""}, {""type"": ""long_text"", ""answer"": ""Create activities or groups which creates a shared environment and a shared interest to speak"", ""answered_at"": 1773222123924, ""question_code"": ""Q10""}], ""respondent_id"": ""anon_pjwh6fjma"", ""computed_profile"": {""scores"": {""digital_comfort"": 92, ""social_openness"": 91, ""initiation_confidence"": 78, ""low_pressure_preference"": 74, ""shared_context_reliance"": 68}, ""signals"": [{""id"": ""context_anchor"", ""desc"": ""Situational triggers (like classes or tasks) are your primary social bridge."", ""label"": ""Context Anchor""}, {""id"": ""safety_first"", ""desc"": ""You prioritize low-judgment, low-pressure environments for interaction."", ""label"": ""Safety Seeker""}, {""id"": ""digital_first"", ""desc"": ""You feel significantly more comfortable building initial bridges online."", ""label"": ""Digital First""}, {""id"": ""depth_seeker"", ""desc"": ""You excel in 1-on-1 settings where you can build deeper individual connections."", ""label"": ""Depth Seeker""}], ""raw_points"": {""digital_comfort"": {""earned"": 11, ""possible_seen"": 12}, ""social_openness"": {""earned"": 10, ""possible_seen"": 11}, ""initiation_confidence"": {""earned"": 18, ""possible_seen"": 23}, ""low_pressure_preference"": {""earned"": 29, ""possible_seen"": 39}, ""shared_context_reliance"": {""earned"": 19, ""possible_seen"": 28}}, ""style_label"": ""Direct Initiator"", ""primary_style"": ""direct_initiator"", ""style_description"": ""You seem comfortable taking the first step in social situations. You may find it easier than most people to begin conversations and build momentum quickly.""}, ""survey_session_id"": ""sess_045mmvk5c""}",2026-03-11 09:42:08.897741+00,23-24,2nd,M.Tech/M.E.,Male,Hostel,337,4,true,true,,
d370aa67-1a3b-4761-83df-7ca9bc22f8ff,,"{""answers"": [{""type"": ""single_select"", ""answer"": ""sometimes"", ""answered_at"": 1773212436010, ""question_code"": ""Q1""}, {""type"": ""long_text"", ""answer"": ""Today, ive met him for a work "", ""answered_at"": 1773212455443, ""question_code"": ""Q2""}, {""type"": ""single_select"", ""answer"": ""class"", ""answered_at"": 1773212522767, ""question_code"": ""Q2A""}, {""type"": ""multi_select"", ""answer"": [""they_approached""], ""answered_at"": 1773212530730, ""question_code"": ""Q2B""}, {""type"": ""single_select"", ""answer"": ""them"", ""answered_at"": 1773212535898, ""question_code"": ""Q2C""}, {""type"": ""scale"", ""answer"": 4, ""answered_at"": 1773212539499, ""question_code"": ""Q2D""}, {""type"": ""multi_select"", ""answer"": [""friendly""], ""answered_at"": 1773212544611, ""question_code"": ""Q2F""}, {""type"": ""single_select"", ""answer"": ""yes"", ""answered_at"": 1773212556464, ""question_code"": ""Q4""}, {""type"": ""multi_select"", ""answer"": [""one_on_one"", ""online_interactions"", ""informal_casual""], ""answered_at"": 1773212583431, ""question_code"": ""Q4A""}, {""type"": ""multi_select"", ""answer"": [""less_pressure"", ""natural_start""], ""answered_at"": 1773212667221, ""question_code"": ""Q4B""}, {""type"": ""single_select"", ""answer"": ""sometimes"", ""answered_at"": 1773212687065, ""question_code"": ""Q5""}, {""type"": ""multi_select"", ""answer"": [""no_reason_to_talk"", ""other""], ""answered_at"": 1773212725072, ""question_code"": ""Q5A""}, {""type"": ""multi_select"", ""answer"": [""observe"", ""talk_only_if_needed""], ""answered_at"": 1773212733869, ""question_code"": ""Q5B""}, {""type"": ""multi_select"", ""answer"": [""shared_interest"", ""curiosity"", ""academic_reason"", ""approachable"", ""networking""], ""answered_at"": 1773212750142, ""question_code"": ""Q6""}, {""type"": ""single_select"", ""answer"": ""clear_reason"", ""answered_at"": 1773212762690, ""question_code"": ""Q7""}, {""type"": ""multi_select"", ""answer"": [""shared_obs""], ""answered_at"": 1773212770558, ""question_code"": ""Q7B""}, {""type"": ""single_select"", ""answer"": ""group_activity"", ""answered_at"": 1773212821901, ""question_code"": ""Q8""}, {""type"": ""multi_select"", ""answer"": [""organic""], ""answered_at"": 1773212831761, ""question_code"": ""Q8B""}, {""type"": ""single_select"", ""answer"": ""in_person"", ""answered_at"": 1773212838982, ""question_code"": ""Q9""}, {""type"": ""multi_select"", ""answer"": [""read_person"", ""genuine""], ""answered_at"": 1773212846251, ""question_code"": ""Q9B""}, {""type"": ""long_text"", ""answer"": ""Events purely for common interests and interaction"", ""answered_at"": 1773212874584, ""question_code"": ""Q10""}], ""respondent_id"": ""anon_ffz9i6u3v"", ""computed_profile"": {""scores"": {""digital_comfort"": 43, ""social_openness"": 82, ""initiation_confidence"": 50, ""low_pressure_preference"": 42, ""shared_context_reliance"": 43}, ""signals"": [], ""raw_points"": {""digital_comfort"": {""earned"": 3, ""possible_seen"": 7}, ""social_openness"": {""earned"": 9, ""possible_seen"": 11}, ""initiation_confidence"": {""earned"": 12, ""possible_seen"": 24}, ""low_pressure_preference"": {""earned"": 14, ""possible_seen"": 33}, ""shared_context_reliance"": {""earned"": 13, ""possible_seen"": 30}}, ""style_label"": ""Balanced Navigator"", ""primary_style"": ""balanced_navigator"", ""style_description"": ""You read the room and move with it, adapting your social approach to the specific context and people around you.""}, ""survey_session_id"": ""sess_ixq818s7s""}",2026-03-11 07:08:03.086623+00,23-24,1st,M.Tech/M.E.,Male,Hostel,526,,,,,
de1c037d-9124-4eee-bf68-fb162294a3de,,"{""answers"": [{""type"": ""single_select"", ""answer"": ""sometimes"", ""answered_at"": 1773200743077, ""question_code"": ""Q1""}, {""type"": ""long_text"", ""answer"": ""I think it was right before the interview we talked about how HR is a field that we would never want to be a part of. It made a nervous situation more comfortable "", ""answered_at"": 1773201108713, ""question_code"": ""Q2""}, {""type"": ""single_select"", ""answer"": ""event"", ""answered_at"": 1773201115545, ""question_code"": ""Q2A""}, {""type"": ""multi_select"", ""answer"": [""i_approached""], ""answered_at"": 1773201125703, ""question_code"": ""Q2B""}, {""type"": ""single_select"", ""answer"": ""me"", ""answered_at"": 1773201128407, ""question_code"": ""Q2C""}, {""type"": ""scale"", ""answer"": 3, ""answered_at"": 1773201132483, ""question_code"": ""Q2D""}, {""type"": ""single_select"", ""answer"": ""yes"", ""answered_at"": 1773201138707, ""question_code"": ""Q4""}, {""type"": ""multi_select"", ""answer"": [""one_on_one""], ""answered_at"": 1773201146228, ""question_code"": ""Q4A""}, {""type"": ""multi_select"", ""answer"": [""small_group""], ""answered_at"": 1773201156799, ""question_code"": ""Q4B""}, {""type"": ""single_select"", ""answer"": ""yes"", ""answered_at"": 1773201160434, ""question_code"": ""Q5""}, {""type"": ""multi_select"", ""answer"": [""people_in_groups"", ""no_reason_to_talk"", ""too_public"", ""may_not_be_interested""], ""answered_at"": 1773201169987, ""question_code"": ""Q5A""}, {""type"": ""multi_select"", ""answer"": [""stick_to_known_people"", ""use_phone_avoid"", ""talk_only_if_needed"", ""observe""], ""answered_at"": 1773201181983, ""question_code"": ""Q5B""}, {""type"": ""multi_select"", ""answer"": [""curiosity"", ""approachable"", ""shared_interest"", ""group_activity""], ""answered_at"": 1773201205297, ""question_code"": ""Q6""}, {""type"": ""single_select"", ""answer"": ""clear_reason"", ""answered_at"": 1773201219502, ""question_code"": ""Q7""}, {""type"": ""multi_select"", ""answer"": [""shared_obs""], ""answered_at"": 1773201234385, ""question_code"": ""Q7B""}, {""type"": ""single_select"", ""answer"": ""depends"", ""answered_at"": 1773201240394, ""question_code"": ""Q8""}, {""type"": ""multi_select"", ""answer"": [""mood""], ""answered_at"": 1773201245808, ""question_code"": ""Q8C""}, {""type"": ""single_select"", ""answer"": ""in_person"", ""answered_at"": 1773201261575, ""question_code"": ""Q9""}, {""type"": ""multi_select"", ""answer"": [""natural"", ""read_person"", ""flow""], ""answered_at"": 1773201270437, ""question_code"": ""Q9B""}, {""type"": ""long_text"", ""answer"": ""I think organizing group events where shared activity would create interaction and help connecting "", ""answered_at"": 1773201316519, ""question_code"": ""Q10""}], ""respondent_id"": ""anon_9pmu06our"", ""computed_profile"": {""scores"": {""digital_comfort"": 0, ""social_openness"": 82, ""initiation_confidence"": 61, ""low_pressure_preference"": 55, ""shared_context_reliance"": 34}, ""signals"": [], ""raw_points"": {""digital_comfort"": {""earned"": 0, ""possible_seen"": 7}, ""social_openness"": {""earned"": 9, ""possible_seen"": 11}, ""initiation_confidence"": {""earned"": 14, ""possible_seen"": 23}, ""low_pressure_preference"": {""earned"": 18, ""possible_seen"": 33}, ""shared_context_reliance"": {""earned"": 10, ""possible_seen"": 29}}, ""style_label"": ""Direct Initiator"", ""primary_style"": ""direct_initiator"", ""style_description"": ""You seem comfortable taking the first step in social situations. You may find it easier than most people to begin conversations and build momentum quickly.""}, ""survey_session_id"": ""sess_keubaelcl""}",2026-03-11 03:55:25.150271+00,21-22,4th_plus,B.Tech/B.E.,Female,Hostel,606,,,,,
e0b494e6-85cc-403b-8674-f1899998a649,,"{""answers"": [{""type"": ""single_select"", ""answer"": ""yes"", ""answered_at"": 1773210000857, ""question_code"": ""Q1""}, {""type"": ""long_text"", ""answer"": ""A week or two ago. Someone I knew but didn’t talk to much "", ""answered_at"": 1773210041411, ""question_code"": ""Q2""}, {""type"": ""single_select"", ""answer"": ""class"", ""answered_at"": 1773210046651, ""question_code"": ""Q2A""}, {""type"": ""multi_select"", ""answer"": [""academic_need""], ""answered_at"": 1773210057671, ""question_code"": ""Q2B""}, {""type"": ""single_select"", ""answer"": ""them"", ""answered_at"": 1773210060551, ""question_code"": ""Q2C""}, {""type"": ""scale"", ""answer"": 5, ""answered_at"": 1773210062682, ""question_code"": ""Q2D""}, {""type"": ""multi_select"", ""answer"": [""friendly""], ""answered_at"": 1773210070088, ""question_code"": ""Q2F""}, {""type"": ""single_select"", ""answer"": ""yes"", ""answered_at"": 1773210074967, ""question_code"": ""Q4""}, {""type"": ""multi_select"", ""answer"": [""shared_activities"", ""small_groups"", ""one_on_one"", ""informal_casual"", ""someone_else_starts"", ""common_interest""], ""answered_at"": 1773210082608, ""question_code"": ""Q4A""}, {""type"": ""multi_select"", ""answer"": [""natural_start"", ""less_pressure"", ""small_group""], ""answered_at"": 1773210088286, ""question_code"": ""Q4B""}, {""type"": ""single_select"", ""answer"": ""sometimes"", ""answered_at"": 1773210096560, ""question_code"": ""Q5""}, {""type"": ""multi_select"", ""answer"": [""people_in_groups"", ""dont_know_how_to_start"", ""no_reason_to_talk"", ""too_public"", ""may_not_be_interested""], ""answered_at"": 1773210103386, ""question_code"": ""Q5A""}, {""type"": ""multi_select"", ""answer"": [""talk_only_if_needed"", ""leave"", ""observe""], ""answered_at"": 1773210109210, ""question_code"": ""Q5B""}, {""type"": ""multi_select"", ""answer"": [""shared_interest"", ""curiosity"", ""group_activity""], ""answered_at"": 1773210115071, ""question_code"": ""Q6""}, {""type"": ""single_select"", ""answer"": ""observe_first"", ""answered_at"": 1773210120284, ""question_code"": ""Q7""}, {""type"": ""multi_select"", ""answer"": [""reason""], ""answered_at"": 1773210147386, ""question_code"": ""Q7D""}, {""type"": ""single_select"", ""answer"": ""depends"", ""answered_at"": 1773210151300, ""question_code"": ""Q8""}, {""type"": ""multi_select"", ""answer"": [""friends"", ""size""], ""answered_at"": 1773210154261, ""question_code"": ""Q8C""}, {""type"": ""single_select"", ""answer"": ""both_similar"", ""answered_at"": 1773210192171, ""question_code"": ""Q9""}, {""type"": ""multi_select"", ""answer"": [""ice_breaking""], ""answered_at"": 1773210196150, ""question_code"": ""Q9C""}], ""respondent_id"": ""anon_ggwqo6d07"", ""computed_profile"": {""scores"": {""digital_comfort"": 29, ""social_openness"": 80, ""initiation_confidence"": 52, ""low_pressure_preference"": 71, ""shared_context_reliance"": 66}, ""signals"": [{""id"": ""context_anchor"", ""desc"": ""Situational triggers (like classes or tasks) are your primary social bridge."", ""label"": ""Context Anchor""}, {""id"": ""safety_first"", ""desc"": ""You prioritize low-judgment, low-pressure environments for interaction."", ""label"": ""Safety Seeker""}, {""id"": ""patience_observer"", ""desc"": ""You prefer to read the room and let the social momentum build before engaging."", ""label"": ""Patient Observer""}], ""raw_points"": {""digital_comfort"": {""earned"": 2, ""possible_seen"": 7}, ""social_openness"": {""earned"": 8, ""possible_seen"": 10}, ""initiation_confidence"": {""earned"": 12, ""possible_seen"": 23}, ""low_pressure_preference"": {""earned"": 24, ""possible_seen"": 34}, ""shared_context_reliance"": {""earned"": 19, ""possible_seen"": 29}}, ""style_label"": ""Warm-Up Socializer"", ""primary_style"": ""warm_up_socializer"", ""style_description"": ""You tend to ease into new interactions rather than jumping in immediately. You may feel most comfortable when there’s time to observe, a shared context, or a lower-pressure environment.""}, ""survey_session_id"": ""sess_hghtma4u9""}",2026-03-11 06:23:21.696893+00,21-22,4th_plus,B.Tech/B.E.,Male,Hostel,226,4,,,,
ee9387d0-cf17-44e1-9f53-aa3d6e0886ae,,"{""answers"": [{""type"": ""single_select"", ""answer"": ""yes"", ""answered_at"": 1773213899489, ""question_code"": ""Q1""}, {""type"": ""single_select"", ""answer"": ""group_assignment"", ""answered_at"": 1773213908205, ""question_code"": ""Q2A""}, {""type"": ""multi_select"", ""answer"": [""shared_task"", ""academic_need"", ""mutual_friend_introduced""], ""answered_at"": 1773213914885, ""question_code"": ""Q2B""}, {""type"": ""single_select"", ""answer"": ""me"", ""answered_at"": 1773213917684, ""question_code"": ""Q2C""}, {""type"": ""scale"", ""answer"": 4, ""answered_at"": 1773213919982, ""question_code"": ""Q2D""}, {""type"": ""multi_select"", ""answer"": [""natural"", ""friendly"", ""topic""], ""answered_at"": 1773213925000, ""question_code"": ""Q2F""}, {""type"": ""single_select"", ""answer"": ""yes"", ""answered_at"": 1773213929601, ""question_code"": ""Q4""}, {""type"": ""multi_select"", ""answer"": [""small_groups"", ""one_on_one"", ""informal_casual""], ""answered_at"": 1773213935151, ""question_code"": ""Q4A""}, {""type"": ""multi_select"", ""answer"": [""shared_purpose"", ""natural_start"", ""common_ground""], ""answered_at"": 1773213944265, ""question_code"": ""Q4B""}, {""type"": ""single_select"", ""answer"": ""yes"", ""answered_at"": 1773213966847, ""question_code"": ""Q5""}, {""type"": ""multi_select"", ""answer"": [""people_in_groups"", ""no_reason_to_talk"", ""too_formal""], ""answered_at"": 1773213980125, ""question_code"": ""Q5A""}, {""type"": ""multi_select"", ""answer"": [""talk_only_if_needed"", ""observe"", ""stick_to_known_people""], ""answered_at"": 1773213990423, ""question_code"": ""Q5B""}, {""type"": ""multi_select"", ""answer"": [""academic_reason"", ""mutual_friend""], ""answered_at"": 1773214024318, ""question_code"": ""Q6""}, {""type"": ""single_select"", ""answer"": ""clear_reason"", ""answered_at"": 1773214035146, ""question_code"": ""Q7""}, {""type"": ""multi_select"", ""answer"": [""task_help"", ""shared_obs""], ""answered_at"": 1773214039544, ""question_code"": ""Q7B""}, {""type"": ""single_select"", ""answer"": ""group_activity"", ""answered_at"": 1773214054890, ""question_code"": ""Q8""}, {""type"": ""multi_select"", ""answer"": [""less_init_pressure"", ""task_natural""], ""answered_at"": 1773214058275, ""question_code"": ""Q8B""}, {""type"": ""single_select"", ""answer"": ""both_similar"", ""answered_at"": 1773214060977, ""question_code"": ""Q9""}, {""type"": ""multi_select"", ""answer"": [""natural_flow"", ""ice_breaking""], ""answered_at"": 1773214066626, ""question_code"": ""Q9C""}], ""respondent_id"": ""anon_tnixmiww1"", ""computed_profile"": {""scores"": {""digital_comfort"": 29, ""social_openness"": 73, ""initiation_confidence"": 58, ""low_pressure_preference"": 55, ""shared_context_reliance"": 80}, ""signals"": [{""id"": ""context_anchor"", ""desc"": ""Situational triggers (like classes or tasks) are your primary social bridge."", ""label"": ""Context Anchor""}], ""raw_points"": {""digital_comfort"": {""earned"": 2, ""possible_seen"": 7}, ""social_openness"": {""earned"": 8, ""possible_seen"": 11}, ""initiation_confidence"": {""earned"": 14, ""possible_seen"": 24}, ""low_pressure_preference"": {""earned"": 18, ""possible_seen"": 33}, ""shared_context_reliance"": {""earned"": 24, ""possible_seen"": 30}}, ""style_label"": ""Context-Based Connector"", ""primary_style"": ""context_based_connector"", ""style_description"": ""You seem to connect best when there’s a shared reason to interact, such as classes, activities, or common interests. Structured settings may make social interaction easier.""}, ""survey_session_id"": ""sess_d7sa1m498""}",2026-03-11 07:27:52.697824+00,23-24,2nd,M.Tech/M.E.,Male,Hostel,1143,,,,,
eedddadb-c5dd-4bfc-9173-ab971eda7415,,"{""answers"": [{""type"": ""single_select"", ""answer"": ""yes"", ""answered_at"": 1773220619647, ""question_code"": ""Q1""}, {""type"": ""single_select"", ""answer"": ""event"", ""answered_at"": 1773220631641, ""question_code"": ""Q2A""}, {""type"": ""multi_select"", ""answer"": [""academic_need"", ""shared_interest""], ""answered_at"": 1773220639485, ""question_code"": ""Q2B""}, {""type"": ""single_select"", ""answer"": ""dont_remember"", ""answered_at"": 1773220644717, ""question_code"": ""Q2C""}, {""type"": ""scale"", ""answer"": 5, ""answered_at"": 1773220646874, ""question_code"": ""Q2D""}, {""type"": ""multi_select"", ""answer"": [""natural"", ""friendly"", ""topic"", ""relaxed""], ""answered_at"": 1773220669297, ""question_code"": ""Q2F""}, {""type"": ""single_select"", ""answer"": ""yes"", ""answered_at"": 1773220671583, ""question_code"": ""Q4""}, {""type"": ""multi_select"", ""answer"": [""shared_activities"", ""small_groups"", ""one_on_one"", ""informal_casual"", ""someone_else_starts"", ""common_interest"", ""online_interactions""], ""answered_at"": 1773220682797, ""question_code"": ""Q4A""}, {""type"": ""multi_select"", ""answer"": [""shared_purpose"", ""natural_start"", ""less_pressure"", ""common_ground"", ""small_group""], ""answered_at"": 1773220693885, ""question_code"": ""Q4B""}, {""type"": ""single_select"", ""answer"": ""no"", ""answered_at"": 1773220699643, ""question_code"": ""Q5""}, {""type"": ""multi_select"", ""answer"": [""shared_interest"", ""academic_reason"", ""mutual_friend"", ""curiosity"", ""networking"", ""need_for_company"", ""group_activity"", ""approachable""], ""answered_at"": 1773220713065, ""question_code"": ""Q6""}, {""type"": ""single_select"", ""answer"": ""start_quickly"", ""answered_at"": 1773220715886, ""question_code"": ""Q7""}, {""type"": ""multi_select"", ""answer"": [""experience"", ""natural"", ""approachable""], ""answered_at"": 1773220732372, ""question_code"": ""Q7A""}, {""type"": ""single_select"", ""answer"": ""depends"", ""answered_at"": 1773220743261, ""question_code"": ""Q8""}, {""type"": ""multi_select"", ""answer"": [""mood"", ""size"", ""friends""], ""answered_at"": 1773220748149, ""question_code"": ""Q8C""}, {""type"": ""single_select"", ""answer"": ""both_similar"", ""answered_at"": 1773220756659, ""question_code"": ""Q9""}, {""type"": ""multi_select"", ""answer"": [""ice_breaking"", ""natural_flow"", ""low_judgment""], ""answered_at"": 1773220767233, ""question_code"": ""Q9C""}], ""respondent_id"": ""anon_5tw4d72xv"", ""computed_profile"": {""scores"": {""digital_comfort"": 71, ""social_openness"": 100, ""initiation_confidence"": 80, ""low_pressure_preference"": 50, ""shared_context_reliance"": 83}, ""signals"": [{""id"": ""context_anchor"", ""desc"": ""Situational triggers (like classes or tasks) are your primary social bridge."", ""label"": ""Context Anchor""}, {""id"": ""digital_first"", ""desc"": ""You feel significantly more comfortable building initial bridges online."", ""label"": ""Digital First""}], ""raw_points"": {""digital_comfort"": {""earned"": 5, ""possible_seen"": 7}, ""social_openness"": {""earned"": 10, ""possible_seen"": 10}, ""initiation_confidence"": {""earned"": 20, ""possible_seen"": 25}, ""low_pressure_preference"": {""earned"": 12, ""possible_seen"": 24}, ""shared_context_reliance"": {""earned"": 19, ""possible_seen"": 23}}, ""style_label"": ""Direct Initiator"", ""primary_style"": ""direct_initiator"", ""style_description"": ""You seem comfortable taking the first step in social situations. You may find it easier than most people to begin conversations and build momentum quickly.""}, ""survey_session_id"": ""sess_77f8vaqea""}",2026-03-11 09:19:32.938308+00,23-24,4th_plus,Prefer not to say,Male,Day Scholar,680,4,false,true,,
f484c2b3-1bd8-44b7-aa30-3dd46493e54c,,"{""answers"": [{""type"": ""single_select"", ""answer"": ""sometimes"", ""answered_at"": 1773221628830, ""question_code"": ""Q1""}, {""type"": ""long_text"", ""answer"": ""Uncle's "", ""answered_at"": 1773221636293, ""question_code"": ""Q2""}, {""type"": ""single_select"", ""answer"": ""other"", ""answered_at"": 1773221642813, ""question_code"": ""Q2A""}, {""type"": ""multi_select"", ""answer"": [""they_approached""], ""answered_at"": 1773221648575, ""question_code"": ""Q2B""}, {""type"": ""single_select"", ""answer"": ""them"", ""answered_at"": 1773221650866, ""question_code"": ""Q2C""}, {""type"": ""scale"", ""answer"": 3, ""answered_at"": 1773221654292, ""question_code"": ""Q2D""}, {""type"": ""single_select"", ""answer"": ""yes"", ""answered_at"": 1773221657881, ""question_code"": ""Q4""}, {""type"": ""multi_select"", ""answer"": [""informal_casual"", ""common_interest"", ""small_groups"", ""shared_activities""], ""answered_at"": 1773221667701, ""question_code"": ""Q4A""}, {""type"": ""multi_select"", ""answer"": [""shared_purpose"", ""natural_start"", ""common_ground""], ""answered_at"": 1773221782274, ""question_code"": ""Q4B""}, {""type"": ""single_select"", ""answer"": ""sometimes"", ""answered_at"": 1773221788088, ""question_code"": ""Q5""}, {""type"": ""multi_select"", ""answer"": [""no_reason_to_talk""], ""answered_at"": 1773221791640, ""question_code"": ""Q5A""}, {""type"": ""multi_select"", ""answer"": [""stick_to_known_people""], ""answered_at"": 1773221811805, ""question_code"": ""Q5B""}, {""type"": ""multi_select"", ""answer"": [""shared_interest"", ""mutual_friend""], ""answered_at"": 1773221816542, ""question_code"": ""Q6""}, {""type"": ""single_select"", ""answer"": ""clear_reason"", ""answered_at"": 1773221826803, ""question_code"": ""Q7""}, {""type"": ""multi_select"", ""answer"": [""shared_obs"", ""mutual_friend""], ""answered_at"": 1773221837530, ""question_code"": ""Q7B""}, {""type"": ""single_select"", ""answer"": ""group_activity"", ""answered_at"": 1773221840514, ""question_code"": ""Q8""}, {""type"": ""multi_select"", ""answer"": [""task_natural"", ""organic""], ""answered_at"": 1773221860454, ""question_code"": ""Q8B""}, {""type"": ""single_select"", ""answer"": ""both_similar"", ""answered_at"": 1773221879099, ""question_code"": ""Q9""}, {""type"": ""multi_select"", ""answer"": [""ice_breaking""], ""answered_at"": 1773221896309, ""question_code"": ""Q9C""}, {""type"": ""long_text"", ""answer"": ""NA\n"", ""answered_at"": 1773221904986, ""question_code"": ""Q10""}], ""respondent_id"": ""anon_kf0abbz35"", ""computed_profile"": {""scores"": {""digital_comfort"": 29, ""social_openness"": 73, ""initiation_confidence"": 38, ""low_pressure_preference"": 30, ""shared_context_reliance"": 67}, ""signals"": [{""id"": ""initiation_gap"", ""desc"": ""You have a high drive to meet people but find the first step challenging."", ""label"": ""Initiation Gap""}, {""id"": ""context_anchor"", ""desc"": ""Situational triggers (like classes or tasks) are your primary social bridge."", ""label"": ""Context Anchor""}], ""raw_points"": {""digital_comfort"": {""earned"": 2, ""possible_seen"": 7}, ""social_openness"": {""earned"": 8, ""possible_seen"": 11}, ""initiation_confidence"": {""earned"": 9, ""possible_seen"": 24}, ""low_pressure_preference"": {""earned"": 10, ""possible_seen"": 33}, ""shared_context_reliance"": {""earned"": 20, ""possible_seen"": 30}}, ""style_label"": ""Context-Based Connector"", ""primary_style"": ""context_based_connector"", ""style_description"": ""You seem to connect best when there’s a shared reason to interact, such as classes, activities, or common interests. Structured settings may make social interaction easier.""}, ""survey_session_id"": ""sess_qds4wgqln""}",2026-03-11 09:38:27.917707+00,21-22,3rd,B.Tech/B.E.,Male,Day Scholar,298,3,true,true,,
f880593a-06aa-40ec-9bac-8bb3f1d250c5,,"{""answers"": [{""type"": ""single_select"", ""answer"": ""prefer_known_people"", ""answered_at"": 1773222600608, ""question_code"": ""Q1""}, {""type"": ""long_text"", ""answer"": ""I joined a conversation with some phds in my lab while they were talking to some friends"", ""answered_at"": 1773222650243, ""question_code"": ""Q2""}, {""type"": ""single_select"", ""answer"": ""other"", ""answered_at"": 1773222669029, ""question_code"": ""Q2A""}, {""type"": ""multi_select"", ""answer"": [""other""], ""answered_at"": 1773222692255, ""question_code"": ""Q2B""}, {""type"": ""single_select"", ""answer"": ""both_naturally"", ""answered_at"": 1773222698150, ""question_code"": ""Q2C""}, {""type"": ""scale"", ""answer"": 4, ""answered_at"": 1773222702047, ""question_code"": ""Q2D""}, {""type"": ""multi_select"", ""answer"": [""friendly""], ""answered_at"": 1773222706444, ""question_code"": ""Q2F""}, {""type"": ""single_select"", ""answer"": ""yes"", ""answered_at"": 1773222712124, ""question_code"": ""Q4""}, {""type"": ""multi_select"", ""answer"": [""informal_casual"", ""someone_else_starts"", ""common_interest""], ""answered_at"": 1773222720648, ""question_code"": ""Q4A""}, {""type"": ""multi_select"", ""answer"": [""common_ground""], ""answered_at"": 1773222725404, ""question_code"": ""Q4B""}, {""type"": ""single_select"", ""answer"": ""yes"", ""answered_at"": 1773222731777, ""question_code"": ""Q5""}, {""type"": ""multi_select"", ""answer"": [""no_reason_to_talk"", ""may_not_be_interested""], ""answered_at"": 1773222738407, ""question_code"": ""Q5A""}, {""type"": ""multi_select"", ""answer"": [""wait_for_someone"", ""talk_only_if_needed"", ""observe"", ""stick_to_known_people""], ""answered_at"": 1773222748774, ""question_code"": ""Q5B""}, {""type"": ""multi_select"", ""answer"": [""academic_reason"", ""other""], ""answered_at"": 1773222775279, ""question_code"": ""Q6""}, {""type"": ""single_select"", ""answer"": ""clear_reason"", ""answered_at"": 1773223436264, ""question_code"": ""Q7""}, {""type"": ""multi_select"", ""answer"": [""task_help"", ""mutual_friend""], ""answered_at"": 1773223442332, ""question_code"": ""Q7B""}, {""type"": ""single_select"", ""answer"": ""one_on_one"", ""answered_at"": 1773223446534, ""question_code"": ""Q8""}, {""type"": ""multi_select"", ""answer"": [""depth""], ""answered_at"": 1773223453225, ""question_code"": ""Q8A""}, {""type"": ""single_select"", ""answer"": ""in_person"", ""answered_at"": 1773223461939, ""question_code"": ""Q9""}, {""type"": ""multi_select"", ""answer"": [""flow"", ""natural""], ""answered_at"": 1773223477682, ""question_code"": ""Q9B""}], ""respondent_id"": ""anon_8pc68vwbv"", ""computed_profile"": {""scores"": {""digital_comfort"": 0, ""social_openness"": 36, ""initiation_confidence"": 43, ""low_pressure_preference"": 50, ""shared_context_reliance"": 43}, ""signals"": [{""id"": ""depth_seeker"", ""desc"": ""You excel in 1-on-1 settings where you can build deeper individual connections."", ""label"": ""Depth Seeker""}], ""raw_points"": {""digital_comfort"": {""earned"": 0, ""possible_seen"": 7}, ""social_openness"": {""earned"": 4, ""possible_seen"": 11}, ""initiation_confidence"": {""earned"": 10, ""possible_seen"": 23}, ""low_pressure_preference"": {""earned"": 17, ""possible_seen"": 34}, ""shared_context_reliance"": {""earned"": 12, ""possible_seen"": 28}}, ""style_label"": ""Selective Socializer"", ""primary_style"": ""selective_socializer"", ""style_description"": ""You are open to connection but prefer the right context. You may favor meaningful or relevant interactions rather than casual small talk.""}, ""survey_session_id"": ""sess_qnuwisgmn""}",2026-03-11 10:04:44.533321+00,21-22,4th_plus,B.Tech/B.E.,Male,Hostel,978,4,,,,
f88b4569-b79c-4834-8e7d-38cee371fa76,,"{""answers"": [{""type"": ""single_select"", ""answer"": ""yes"", ""answered_at"": 1773212350388, ""question_code"": ""Q1""}, {""type"": ""single_select"", ""answer"": ""class"", ""answered_at"": 1773212362838, ""question_code"": ""Q2A""}, {""type"": ""multi_select"", ""answer"": [""they_approached""], ""answered_at"": 1773212373843, ""question_code"": ""Q2B""}, {""type"": ""single_select"", ""answer"": ""them"", ""answered_at"": 1773212381636, ""question_code"": ""Q2C""}, {""type"": ""scale"", ""answer"": 4, ""answered_at"": 1773212389505, ""question_code"": ""Q2D""}, {""type"": ""multi_select"", ""answer"": [""topic""], ""answered_at"": 1773212397969, ""question_code"": ""Q2F""}, {""type"": ""single_select"", ""answer"": ""yes"", ""answered_at"": 1773212400630, ""question_code"": ""Q4""}, {""type"": ""multi_select"", ""answer"": [""shared_activities"", ""small_groups"", ""common_interest""], ""answered_at"": 1773212410629, ""question_code"": ""Q4A""}, {""type"": ""multi_select"", ""answer"": [""natural_start""], ""answered_at"": 1773212414099, ""question_code"": ""Q4B""}, {""type"": ""single_select"", ""answer"": ""yes"", ""answered_at"": 1773212418039, ""question_code"": ""Q5""}, {""type"": ""multi_select"", ""answer"": [""no_reason_to_talk""], ""answered_at"": 1773212424721, ""question_code"": ""Q5A""}, {""type"": ""multi_select"", ""answer"": [""talk_only_if_needed"", ""leave""], ""answered_at"": 1773212434025, ""question_code"": ""Q5B""}, {""type"": ""multi_select"", ""answer"": [""curiosity"", ""shared_interest"", ""networking""], ""answered_at"": 1773212449230, ""question_code"": ""Q6""}, {""type"": ""single_select"", ""answer"": ""observe_first"", ""answered_at"": 1773212458287, ""question_code"": ""Q7""}, {""type"": ""multi_select"", ""answer"": [""common_interest""], ""answered_at"": 1773212470319, ""question_code"": ""Q7D""}, {""type"": ""single_select"", ""answer"": ""one_on_one"", ""answered_at"": 1773212477513, ""question_code"": ""Q8""}, {""type"": ""multi_select"", ""answer"": [""depth"", ""noise"", ""pressure""], ""answered_at"": 1773212487521, ""question_code"": ""Q8A""}, {""type"": ""single_select"", ""answer"": ""both_similar"", ""answered_at"": 1773212491201, ""question_code"": ""Q9""}, {""type"": ""multi_select"", ""answer"": [""ice_breaking""], ""answered_at"": 1773212497392, ""question_code"": ""Q9C""}], ""respondent_id"": ""anon_3mmctqman"", ""computed_profile"": {""scores"": {""digital_comfort"": 29, ""social_openness"": 80, ""initiation_confidence"": 39, ""low_pressure_preference"": 54, ""shared_context_reliance"": 50}, ""signals"": [{""id"": ""initiation_gap"", ""desc"": ""You have a high drive to meet people but find the first step challenging."", ""label"": ""Initiation Gap""}, {""id"": ""depth_seeker"", ""desc"": ""You excel in 1-on-1 settings where you can build deeper individual connections."", ""label"": ""Depth Seeker""}, {""id"": ""patience_observer"", ""desc"": ""You prefer to read the room and let the social momentum build before engaging."", ""label"": ""Patient Observer""}], ""raw_points"": {""digital_comfort"": {""earned"": 2, ""possible_seen"": 7}, ""social_openness"": {""earned"": 8, ""possible_seen"": 10}, ""initiation_confidence"": {""earned"": 9, ""possible_seen"": 23}, ""low_pressure_preference"": {""earned"": 19, ""possible_seen"": 35}, ""shared_context_reliance"": {""earned"": 14, ""possible_seen"": 28}}, ""style_label"": ""Balanced Navigator"", ""primary_style"": ""balanced_navigator"", ""style_description"": ""You read the room and move with it, adapting your social approach to the specific context and people around you.""}, ""survey_session_id"": ""sess_upfd4a53n""}",2026-03-11 07:01:46.496703+00,21-22,1st,M.Tech/M.E.,Male,Hostel,175,,,,,